,,,,Беларусь,,Брестская,,Витебская,,Гомельская,,Гродненская,,г. Минск,Минская,Минская,,Могилевская
ПРОДОВОЛЬСТВЕННЫЕ ТОВАРЫ,,,,,,,,,,,,,,,,,,
ГОВЯДИНА ПЕРВОЙ КАТЕГОРИИ,,,,44313.0718,,48000.0,,56667.0,,46358.0,,23530.0,,40776.0,,45000.0,,48400.0
ПОЛУФАБРИКАТЫ МЯСНЫЕ ИЗ ГОВЯДИНЫ,,,,59091.786406,,54702.1,,56704.13,,62985.16,,52427.93,,74656.0,,51225.0,,52876.16
СВИНИНА (кроме бескостного мяса),,,,37736.000931999995,,39292.68,,36424.62,,43342.4,,32122.45,,31510.0,,40870.0,,41717.2
ПОЛУФАБРИКАТЫ МЯСНЫЕ  ИЗ СВИНИНЫ,,,,53627.976886,,49589.7,,52812.44,,52851.8,,50806.64,,59572.0,,53203.0,,54068.8
ФАРШ МЯСНОЙ (без добавок),,,,41503.11570200001,,42915.0,,38045.25,,40121.02,,38469.34,,48365.0,,38846.0,,40303.08
"КУРЫ (ЦЫПЛЯТА, ВКЛЮЧАЯ БРОЙЛЕРОВ)",,,,24488.820406,,24671.04,,25313.11,,24093.98,,23230.24,,24742.0,,24624.0,,24479.56
ПОЛУФАБРИКАТЫ ИЗ МЯСА ПТИЦЫ,,,,32787.291004,,34464.82,,31943.08,,30177.34,,29586.9,,34180.0,,35326.0,,32521.44
СУБПРОДУКТЫ ИЗ ПТИЦЫ,,,,15346.493454,,15393.22,,17091.36,,16770.44,,13554.19,,12360.0,,16841.0,,16277.84
КОТЛЕТЫ МЯСНЫЕ (за 1 шт. весом 100 г),,,,3053.46456,,2910.34,,3111.01,,3010.58,,3049.02,,3456.0,,3026.0,,2592.36
ПЕЛЬМЕНИ МЯСНЫЕ,,,,23841.003675999997,,20906.46,,20391.37,,24036.5,,22706.41,,27712.0,,25650.0,,23479.88
САЛО,,,,44204.039824,,39210.96,,49959.05,,44801.24,,37844.48,,49705.0,,41224.0,,44195.96
КОЛБАСА ВАРЕНАЯ ВЫСШЕГО СОРТА,,,,33276.032704000005,,33420.78,,33413.7,,32881.1,,31853.98,,35580.0,,31716.0,,33005.6
КОЛБАСА ВАРЕНАЯ ПЕРВОГО СОРТА,,,,25329.250078,,25737.92,,25851.68,,25088.22,,22129.89,,26102.0,,26300.0,,25108.92
КОЛБАСА ВАРЕНАЯ ВТОРОГО СОРТА ,,,,19693.891706,,23396.12,,24673.84,,17331.98,,18767.79,,16225.0,,20951.0,,17561.32
КОЛБАСА ПОЛУКОПЧЕНАЯ,,,,51749.148746000006,,47786.86,,50291.61,,50493.48,,48797.44,,58621.0,,47096.0,,57509.96
КОЛБАСА СЫРОКОПЧЕНАЯ,,,,86096.492504,,85440.62,,84936.58,,81246.38,,74047.6,,99822.0,,86604.0,,82711.8
"ПАШТЕТ, ЗЕЛЬЦ",,,,13258.946486,,14592.92,,15490.43,,12275.3,,11660.69,,13192.0,,14034.0,,11006.08
КОЛБАСА ЛИВЕРНАЯ И КРОВЯНАЯ,,,,9425.055284,,7814.14,,9907.95,,10966.5,,7635.94,,9386.0,,10186.0,,9743.16
СОСИСКИ,,,,32203.762909999998,,34150.66,,32863.35,,32915.64,,29470.24,,30720.0,,31529.0,,34077.2
"ВЕТЧИНА, БУЖЕНИНА, ОКОРОК",,,,51167.516965999996,,54902.96,,51177.68,,47428.22,,48556.67,,58322.0,,41112.0,,54903.44
ГОВЯДИНА ТУШЕНАЯ КОНСЕРВИРОВАННАЯ (за условную банку весом 350 г),,,,20039.444132,,18577.98,,16943.63,,22149.34,,18516.15,,21946.0,,20597.0,,20179.68
СВИНИНА ТУШЕНАЯ КОНСЕРВИРОВАННАЯ (за условную банку весом 350 г),,,,17536.391124,,17162.96,,13340.73,,18792.64,,17407.62,,18019.0,,19130.0,,18324.96
КОНСЕРВЫ  МЯСНЫЕ ДЛЯ  ДЕТСКОГО  И  ДИЕТИЧЕСКОГО ПИТАНИЯ (за условную банку весом 350 г),,,,15975.948548000002,,16248.16,,16718.75,,15376.44,,15578.83,,16584.0,,16780.0,,13903.88
РЫБА ЖИВАЯ,,,,19696.892730000003,,15310.22,,17818.7,,20946.16,,19185.57,,22984.0,,19412.0,,21130.96
РЫБА МОРОЖЕНАЯ (тресковые и скумбриевые),,,,32199.721976000004,,26974.74,,30007.41,,28993.9,,30550.36,,38236.0,,33507.0,,35354.76
РЫБА МОРОЖЕНАЯ (филе и разделанная),,,,37326.492704000004,,36493.86,,28714.84,,29720.02,,36143.07,,55923.0,,30439.0,,36969.8
РЫБА СОЛЕНАЯ И КОПЧЕНАЯ,,,,68668.44816,,67790.12,,75515.38,,82765.24,,67581.4,,56887.0,,71093.0,,61229.92
РЫБА СОЛЕНАЯ И КОПЧЕНАЯ ДЕЛИКАТЕСНАЯ,,,,116412.170014,,126828.28,,110009.56,,79943.38,,119864.64,,111740.0,,129580.0,,145658.0
ИКРА ЛОСОСЕВЫХ РЫБ,,,,478319.976998,,434950.16,,488825.95,,469033.82,,428583.58,,566090.0,,461702.0,,457127.8
ПРОЧИЕ   ВИДЫ   ИКРЫ   РЫБ   (за условную банку весом      200 г),,,,13914.521449999998,,13852.02,,13288.54,,14645.08,,11911.5,,15927.0,,13757.0,,12522.4
СЕЛЬДЬ СОЛЕНАЯ,,,,29634.355342000003,,28994.74,,29540.11,,29552.44,,30262.18,,29428.0,,29419.0,,30678.92
"ПОЛУФАБРИКАТЫ РЫБНЫЕ    (котлеты, палочки рыбные , фарш)",,,,30306.124486,,28276.86,,33301.16,,29475.2,,30397.39,,29672.0,,30831.0,,30922.84
КОНСЕРВЫ РЫБНЫЕ (за условную банку весом 350г),,,,11975.859008000003,,11941.86,,10366.21,,10999.3,,10700.51,,17041.0,,10555.0,,9703.52
КОНСЕРВЫ РЫБНЫЕ ДЕЛИКАТЕСНЫЕ (шпроты и лосось) - за условную банку весом 350 г,,,,24608.251374,,23971.36,,27019.26,,24922.1,,22838.26,,25541.0,,23918.0,,23361.4
ПРЕСЕРВЫ РЫБНЫЕ (филе сельди в различных соусах и заливках) - за условную банку весом 250 г,,,,12541.912718,,12136.04,,12399.91,,12805.1,,13228.91,,12864.0,,11893.0,,12504.32
"МОЛОКО ЦЕЛЬНОЕ ПАСТЕРИЗОВАННОЕ, СЫРОЕ",,,,3497.126278,,3455.78,,3174.19,,3657.0,,2444.37,,4753.0,,3472.0,,2656.84
КЕФИР,,,,3574.3140680000006,,3501.82,,3678.54,,3688.98,,2329.13,,4634.0,,3434.0,,3020.52
СМЕТАНА ,,,,13333.590716,,13151.4,,11003.76,,14618.68,,9747.52,,19210.0,,11367.0,,10692.04
ТВОРОГ ЖИРНЫЙ,,,,18938.016678,,15764.54,,17606.62,,17204.32,,17608.03,,25996.0,,17295.0,,18364.24
ТВОРОГ НЕЖИРНЫЙ,,,,18203.876893999997,,20380.62,,17133.35,,8650.0,,17449.48,,24478.0,,19085.0,,18257.2
ЙОГУРТ (за 250 г),,,,3594.74039,,3947.24,,3500.78,,3715.46,,3592.06,,3989.0,,3139.0,,3022.76
СЫРОК ГЛАЗИРОВАННЫЙ  (за 50 г),,,,2432.210838,,2162.62,,2349.25,,2838.08,,2257.29,,2488.0,,2435.0,,2410.2
"ТВОРОЖНЫЙ ДЕСЕРТ, КРЕМ, ПУДИНГ  (за 200 г)",,,,4997.185874,,4704.8,,5966.95,,6036.98,,4823.6,,4961.0,,4083.0,,4330.04
СУХИЕ МОЛОЧНЫЕ СМЕСИ  ДЛЯ  ДЕТСКОГО  И  ДИЕТИЧЕСКОГО ПИТАНИЯ,,,,44213.23316999999,,43111.44,,50341.43,,38057.1,,42147.36,,49553.0,,45078.0,,38766.32
МОЛОКО СГУЩЕНОЕ С САХАРОМ (за условную банку весом 400 г),,,,8995.002468,,9151.24,,8413.27,,9268.4,,8298.45,,9116.0,,9354.0,,9101.68
МОРОЖЕНОЕ,,,,34863.29343,,34507.12,,34820.73,,34720.1,,35166.42,,34332.0,,37407.0,,32845.88
СЫР  ТВЕРДЫЙ,,,,44699.36213,,43783.34,,45562.01,,46752.32,,39610.54,,50232.0,,39790.0,,44267.64
СЫР МЯГКИЙ ,,,,31109.361998,,31310.66,,31640.82,,29977.4,,25427.69,,39397.0,,26388.0,,29522.32
СЫР ПЛАВЛЕНЫЙ,,,,36553.51383999999,,36073.42,,43096.1,,35702.5,,35072.37,,34788.0,,33859.0,,38845.72
МАСЛО ЖИВОТНОЕ,,,,43162.551604,,41384.64,,46278.23,,44008.76,,37148.35,,46417.0,,43845.0,,40355.12
МАСЛО РАСТИТЕЛЬНОЕ ,,,,19615.695566000002,,20097.88,,19817.29,,18944.58,,18845.52,,18329.0,,22007.0,,19463.2
МАРГАРИН,,,,22192.53235,,21465.7,,20042.66,,21426.76,,19664.56,,25104.0,,24143.0,,21600.52
ЯЙЦА  КУРИНЫЕ,,,,9563.003814000002,,9788.76,,8744.6,,8936.34,,10371.57,,9340.0,,10272.0,,9681.4
САХАР-ПЕСОК,,,,6836.77408,,6688.0,,6705.9,,6721.6,,7000.0,,7000.0,,6888.0,,6825.6
ЧАЙ ЧЕРНЫЙ БАЙХОВЫЙ,,,,130785.881696,,134426.3,,113463.12,,112461.5,,114117.46,,146338.0,,157710.0,,124954.28
КОФЕ НАТУРАЛЬНЫЙ МОЛОТЫЙ,,,,141279.31935,,124506.0,,160165.49,,143563.62,,166097.51,,116806.0,,148475.0,,145956.32
КОФЕ РАСТВОРИМЫЙ,,,,326516.01494599995,,348298.36,,304192.66,,292270.5,,317367.81,,307903.0,,348660.0,,380281.96
МЁД  НАТУРАЛЬНЫЙ,,,,60124.3839,,56655.1,,54854.59,,65415.26,,54839.92,,75818.0,,51617.0,,53396.84
СОЛЬ  ПОВАРЕННАЯ  ПИЩЕВАЯ,,,,1579.3584059999998,,1384.78,,1688.19,,1835.48,,1447.48,,1662.0,,1366.0,,1636.36
МУКА ПШЕНИЧНАЯ ,,,,3529.2099979999994,,3198.08,,3560.33,,3569.3,,3293.26,,3921.0,,3254.0,,3795.96
ХЛЕБ РЖАНОЙ,,,,4283.242821967076,,,,,,3188.84,,5755.36,,5059.0,,4601.0,,2567.0
ХЛЕБ РЖАНО-ПШЕНИЧНЫЙ,,,,4003.947218,,3695.26,,4176.1,,3130.68,,3428.46,,5116.0,,3669.0,,4486.32
"ХЛЕБ, ИЗДЕЛИЯ БУЛОЧНЫЕ (БАТОН) ИЗ  МУКИ ПШЕНИЧНОЙ ВЫСШЕГО СОРТА",,,,6799.844077999999,,7151.0,,7154.42,,5523.98,,5791.59,,7542.0,,7265.0,,6767.64
"ХЛЕБ, ИЗДЕЛИЯ БУЛОЧНЫЕ (БАТОН) ИЗ  МУКИ ПШЕНИЧНОЙ ПЕРВОГО СОРТА",,,,4238.118522,,4350.66,,5017.57,,4230.0,,5295.0,,3481.0,,3770.0,,4073.0
ИЗДЕЛИЯ БУЛОЧНЫЕ СДОБНЫЕ ИЗ МУКИ  ПШЕНИЧНОЙ ВЫСШЕГО СОРТА,,,,10486.390851999999,,11363.4,,8039.6,,13871.0,,9360.43,,7432.0,,12353.0,,11466.44
"СУХАРИ, СУШКИ, БАРАНКИ",,,,18005.741898,,16493.84,,19126.35,,22663.66,,15646.18,,14352.0,,18987.0,,19719.56
РИС ШЛИФОВАННЫЙ И ПОЛИРОВАННЫЙ,,,,11897.016345999999,,11491.0,,12000.99,,11453.98,,11690.79,,13155.0,,11279.0,,11775.32
КРУПА МАННАЯ,,,,5748.5001919999995,,5370.12,,6485.18,,7865.68,,4595.66,,5376.0,,4067.0,,6555.8
КРУПА ПШЕННАЯ,,,,10372.700937999998,,10340.8,,10890.48,,10888.18,,13634.68,,7087.0,,10023.0,,11931.6
КРУПА ГРЕЧНЕВАЯ,,,,18958.444610000002,,18586.92,,21182.35,,19194.7,,18900.73,,16762.0,,18796.0,,20578.08
"ОВСЯНЫЕ ХЛОПЬЯ ""ГЕРКУЛЕС""",,,,9553.197524,,9524.5,,9175.87,,8580.06,,10157.56,,9941.0,,9861.0,,9652.76
ХЛОПЬЯ КУКУРУЗНЫЕ ,,,,22180.460044,,19360.02,,19590.4,,17178.74,,19406.39,,36583.0,,18392.0,,18739.52
КРУПА ПЕРЛОВАЯ,,,,4124.571804,,3891.34,,4201.75,,5061.86,,3860.01,,4002.0,,3608.0,,4238.32
КАШИ ДЛЯ ДЕТСКОГО И ДИЕТИЧЕСКОГО ПИТАНИЯ,,,,37311.314,,33533.98,,39841.98,,31559.82,,31062.76,,52367.0,,35237.0,,30399.6
"ГОРОХ, ФАСОЛЬ",,,,9864.394486,,7726.98,,8103.56,,9348.44,,7094.53,,13244.0,,13089.0,,8106.64
МЮСЛИ И ПРОЧИЕ СУХИЕ ЗАВТРАКИ ИЗ РАЗЛИЧНЫХ КРУП,,,,34203.430012,,30009.82,,39049.77,,28186.54,,35348.07,,41790.0,,26865.0,,37716.28
"МАКАРОНЫ, РОЖКИ",,,,7024.855878,,7015.76,,7597.15,,6845.26,,6432.49,,7603.0,,6667.0,,6703.12
"ВЕРМИШЕЛЬ, ЛАПША",,,,7353.575895999999,,7406.64,,8459.87,,6915.2,,6451.81,,7892.0,,6802.0,,7313.68
ВОДКА ,,,,42686.179293999994,,42681.62,,43623.36,,43881.12,,42781.39,,41160.0,,43276.0,,41767.96
НАСТОЙКИ ГОРЬКИЕ КРЕПКИЕ,,,,50799.641248,,47475.48,,48155.76,,50039.12,,51492.4,,51144.0,,52833.0,,55132.64
КОНЬЯК,,,,158518.594368,,131473.9,,199113.94,,135400.22,,146655.54,,209947.0,,130745.0,,139243.04
ВИНО ВИНОГРАДНОЕ КРЕПЛЕНОЕ,,,,36919.424918,,31159.4,,34162.29,,33537.62,,31835.05,,52861.0,,35251.0,,32219.2
ВИНО ВИНОГРАДНОЕ СТОЛОВОЕ,,,,38092.442087999996,,25629.4,,35138.62,,29423.84,,29088.09,,66323.0,,31466.0,,38797.28
ПИВО,,,,8462.736394,,8125.82,,7510.96,,7879.44,,9824.16,,9080.0,,8268.0,,8616.16
ВИНО ИГРИСТОЕ  (ШАМПАНСКОЕ),,,,33585.467663999996,,33105.38,,33767.42,,33437.14,,32876.03,,34343.0,,33511.0,,33709.8
ВАФЛИ,,,,31188.129574,,29847.84,,31837.54,,31332.02,,31018.83,,31086.0,,32011.0,,31252.16
ПРЯНИКИ,,,,20008.893558,,17306.8,,20732.07,,20287.82,,17515.13,,21011.0,,22051.0,,20392.64
ПЕЧЕНЬЕ ,,,,21287.357281999997,,20875.8,,20624.31,,20667.58,,21626.25,,21744.0,,22250.0,,21026.6
ТОРТ,,,,48067.651598,,46131.18,,50141.87,,50848.96,,45707.81,,49264.0,,42703.0,,51823.48
ПИРОЖНЫЕ (за 1 шт. весом 100 г),,,,4398.83244,,4312.7,,4519.51,,5098.42,,3965.43,,4510.0,,3907.0,,4328.88
ИРИС,,,,28947.201444,,24636.74,,31429.08,,26421.34,,24668.96,,30940.0,,29570.0,,35032.8
" КОНФЕТЫ ""КАРАМЕЛЬ""",,,,26831.754667999998,,25749.26,,29571.98,,24426.14,,25276.2,,26628.0,,27541.0,,29246.56
КОНФЕТЫ ГЛАЗИРОВАННЫЕ ШОКОЛАДНОЙ ГЛАЗУРЬЮ,,,,58345.907746000004,,55307.18,,67313.89,,57063.36,,56269.82,,59362.0,,55564.0,,57777.72
"КОНФЕТЫ ГЛАЗИРОВАННЫЕ ЖИРОВОЙ   ГЛАЗУРЬЮ (типа ""Лимонные"", ""Осенние"")",,,,34404.230534,,34566.1,,32383.83,,33611.28,,32765.63,,32163.0,,39655.0,,36059.88
ШОКОЛАД,,,,96468.383544,,91984.9,,94315.62,,94716.62,,93258.92,,97790.0,,100035.0,,103225.56
ХАЛВА,,,,26780.458673999998,,25781.5,,26390.31,,23908.64,,23852.93,,32433.0,,25623.0,,27156.28
МАРМЕЛАД,,,,21996.94823,,20519.36,,22058.53,,22525.34,,20706.54,,22641.0,,21171.0,,24378.76
ЗЕФИР,,,,31521.021141999998,,37651.96,,30801.25,,27513.34,,29773.86,,32737.0,,27986.0,,34020.28
КАКАО - ПОРОШОК (за 200 г),,,,22757.18108,,25136.42,,16345.95,,26203.22,,28504.3,,23843.0,,17515.0,,21746.48
КАРТОФЕЛЬ,,,,1752.07951,,1538.68,,2117.65,,1571.14,,1560.27,,2001.0,,1863.0,,1477.88
ЧИПСЫ  КАРТОФЕЛЬНЫЕ (за 100 г),,,,10076.904586,,9328.28,,10638.17,,8390.22,,10862.24,,11237.0,,9761.0,,10318.04
КАПУСТА  БЕЛОКОЧАННАЯ  СВЕЖАЯ,,,,1211.915738,,1038.9,,1644.81,,888.4,,951.93,,1482.0,,1371.0,,966.64
ЛУК РЕПЧАТЫЙ,,,,3361.9181559999997,,3302.34,,4080.3,,2652.38,,3417.1,,3501.0,,3521.0,,3070.0
СВЕКЛА,,,,1789.359816,,1771.42,,2112.28,,1709.18,,1774.9,,1964.0,,1686.0,,1409.76
МОРКОВЬ,,,,2391.4037879999996,,2183.48,,3092.31,,2101.48,,2288.93,,2739.0,,2314.0,,1867.96
ПОМИДОРЫ СВЕЖИЕ,,,,25588.949372,,25924.76,,24523.86,,26493.32,,28763.66,,27020.0,,20169.0,,26697.12
ОГУРЦЫ СВЕЖИЕ,,,,29100.043518,,29069.12,,27538.64,,29789.86,,30314.77,,29790.0,,28363.0,,28597.28
ЧЕСНОК,,,,23779.622204,,26268.24,,22147.79,,24861.64,,24022.71,,23753.0,,23415.0,,21284.72
ПЕРЕЦ СЛАДКИЙ,,,,32484.690315999997,,33023.26,,34642.65,,32841.22,,34553.67,,29907.0,,29271.0,,35377.88
ОВОЩИ ЗАМОРОЖЕННЫЕ,,,,25581.996278,,25771.7,,23269.9,,26202.32,,24921.3,,31638.0,,22208.0,,21982.52
ОВОЩИ КОНСЕРВИРОВАННЫЕ,,,,12513.330820000001,,12263.88,,13894.72,,11596.64,,13560.06,,10724.0,,15278.0,,10873.76
СОУС ТОМАТНЫЙ,,,,14962.352326,,14198.7,,14823.1,,14693.84,,14118.93,,15451.0,,15770.0,,15405.92
ЯБЛОКИ,,,,11583.470662,,10234.02,,12018.92,,11196.44,,10822.28,,13224.0,,10455.0,,12787.24
"ПЛОДЫ ЦИТРУСОВЫЕ  (апельсины, лимоны, мандарины)",,,,16245.418813999999,,16614.9,,16905.91,,15996.28,,16470.09,,15494.0,,16115.0,,16569.0
ВИНОГРАД,,,,23630.088432,,23501.52,,27769.13,,22058.64,,27454.28,,22110.0,,20678.0,,23852.56
БАНАНЫ,,,,10622.16138,,10643.0,,10827.7,,10386.04,,10993.52,,10450.0,,10299.0,,11020.68
СУХОФРУКТЫ,,,,46263.463820000004,,41399.2,,45268.45,,32623.92,,56271.69,,53925.0,,50592.0,,43278.52
ОРЕХИ,,,,62288.119782,,38196.56,,84459.38,,58020.94,,37267.0,,71591.0,,70477.0,,72043.68
ФРУКТЫ КОНСЕРВИРОВАННЫЕ,,,,26060.153518,,21133.06,,32098.6,,26885.8,,26499.51,,29646.0,,24115.0,,20562.6
КОНСЕРВЫ  ФРУКТОВЫЕ  ДЛЯ  ДЕТСКОГО  И  ДИЕТИЧЕСКОГО  ПИТАНИЯ,,,,22208.200816,,17148.62,,20272.14,,18077.82,,17557.39,,30287.0,,27087.0,,20947.68
"СОК, НЕКТАР ФРУКТОВЫЙ,  ЯГОДНЫЙ",,,,8687.813828,,8405.64,,8877.27,,9071.08,,8043.58,,9650.0,,8143.0,,8053.88
НАПИТКИ БЕЗАЛКОГОЛЬНЫЕ ,,,,4299.74522,,3841.52,,3742.39,,3935.48,,4586.09,,5333.0,,4383.0,,3869.04
ВОДА МИНЕРАЛЬНАЯ ,,,,2651.87334,,2638.6,,2731.16,,2712.2,,2847.07,,2487.0,,2592.0,,2663.84
"ОБЕД В СТОЛОВОЙ (для 1 человека, из 4-х блюд)",,,,9699.942344000001,,11569.22,,11918.82,,8085.5,,8025.59,,9190.0,,9475.0,,9724.6
"ОБЕД В РЕСТОРАНЕ    (заказной, для 1 человека,                  из   4-х блюд) ",,,,34590.52398,,33765.52,,45485.81,,46556.0,,22603.27,,27106.0,,22017.0,,48281.24
"КОФЕ  В   ОРГАНИЗАЦИЯХ   БЫСТРОГО  ОБСЛУЖИВАНИЯ  (за 0,2л)",,,,8154.872464,,5520.96,,6479.13,,7399.88,,4164.65,,15939.0,,6952.0,,6802.0
"СОК   В  ОРГАНИЗАЦИЯХ   БЫСТРОГО  ОБСЛУЖИВАНИЯ   (за 0,2л)",,,,2801.101534,,2426.48,,2246.2,,2878.98,,2125.65,,4483.0,,2458.0,,2084.64
"СИГАРЕТЫ  С  ФИЛЬТРОМ   ОТЕЧЕСТВЕННЫЕ                      (за 1 пачку, 20 штук)",,,,2953.868912,,2640.82,,2773.94,,3347.58,,2613.82,,3659.0,,2626.0,,2613.28
"СИГАРЕТЫ  БЕЗ  ФИЛЬТРА   ОТЕЧЕСТВЕННЫЕ                       (за 1 пачку, 20 штук)",,,,1500.0,,1500.0,,1500.0,,1500.0,,1500.0,,1500.0,,1500.0,,1500.0
"СИГАРЕТЫ   С   ФИЛЬТРОМ    ИМПОРТНЫЕ                                 (за 1 пачку, 20 штук)",,,,12837.587934000001,,11571.54,,9658.3,,12363.48,,13210.76,,14268.0,,14071.0,,14288.8
МАЙОНЕЗ,,,,22089.394336,,21346.8,,22616.2,,21370.88,,23458.61,,21534.0,,21394.0,,23889.56
УКСУС ,,,,7093.98223,,7219.16,,7637.39,,7215.06,,6656.42,,7239.0,,6265.0,,7425.04
ГОРЧИЦА ПИЩЕВАЯ (за 100 г),,,,2628.321348,,2787.1,,2824.49,,2629.22,,2451.64,,2608.0,,2508.0,,2566.64
СОДА ПИЩЕВАЯ,,,,12949.67135,,12533.88,,13374.99,,13064.74,,13518.96,,11928.0,,13592.0,,13176.0
ЖЕВАТЕЛЬНАЯ  РЕЗИНКА  (за упаковку 10 штук),,,,4401.26767,,4493.36,,4319.15,,4358.1,,4271.66,,4320.0,,4437.0,,4649.56
НЕПРОДОВОЛЬСТВЕННЫЕ ТОВАРЫ,,,,,,,,,,,,,,,,,,
ТКАНЬ ХЛОПЧАТОБУМАЖНАЯ  ПЛАТЕЛЬНАЯ (за 1 м)  ,,,,13367.975730000002,,13480.34,,13035.89,,12694.12,,12846.1,,13608.0,,13926.0,,13867.76
ТКАНЬ ШЕРСТЯНАЯ И ПОЛУШЕРСТЯНАЯ (за 1 м),,,,52650.379474,,38311.08,,51101.37,,47174.3,,53225.83,,77841.0,,45281.0,,46664.44
ТКАНЬ  ЛЬНЯНАЯ  (за 1 м),,,,22432.581146,,21185.4,,22955.09,,26975.5,,19467.53,,25725.0,,20535.0,,17298.24
ТКАНЬ ШЕЛКОВАЯ  (за 1 м),,,,29646.605612,,17693.98,,22225.32,,28346.1,,24243.66,,48184.0,,28844.0,,30208.36
ПРЯЖА ШЕРСТЯНАЯ ИЛИ ПОЛУШЕРСТЯНАЯ (за 100 г),,,,30063.314663999998,,31346.02,,32899.47,,23608.58,,22244.36,,35385.0,,32747.0,,28960.04
КУРТКА ЗИМНЯЯ МУЖСКАЯ  ,,,,825053.4737359999,,850884.72,,856468.79,,633358.24,,803315.27,,1114893.0,,639087.0,,785174.44
ПАЛЬТО ДЕМИСЕЗОННОЕ МУЖСКОЕ,,,,1006437.5206400001,,1025093.06,,832103.94,,922657.82,,962220.58,,1513189.0,,756006.0,,806543.24
КУРТКА   ИЗ ПЛАЩЕВОЙ ТКАНИ МУЖСКАЯ  ,,,,303787.0887513949,,346766.66,,446387.87,,253499.6,,229527.22,,,,271652.0,,269023.2
КОСТЮМ МУЖСКОЙ,,,,602644.557638,,552044.9,,531188.05,,562295.12,,614909.77,,774642.0,,537316.0,,584935.24
ДЖИНСЫ МУЖСКИЕ,,,,269760.189914,,265310.68,,222852.76,,227567.58,,268707.48,,299853.0,,311583.0,,279925.44
БРЮКИ МУЖСКИЕ     ,,,,198053.74124200002,,151501.5,,205748.21,,165606.08,,180378.05,,287075.0,,182279.0,,180009.0
СОРОЧКА МУЖСКАЯ,,,,131469.09616400002,,112062.8,,121660.23,,102968.72,,131434.93,,190461.0,,126360.0,,112466.64
КОСТЮМ СПОРТИВНЫЙ МУЖСКОЙ ,,,,268271.053238,,226550.3,,241901.37,,201588.68,,235651.61,,360660.0,,357354.0,,200159.36
ШАПКА МЕХОВАЯ МУЖСКАЯ,,,,1041448.7312460002,,1064616.44,,1535110.88,,1048192.42,,838215.2,,1010646.0,,950000.0,,817109.12
"СВИТЕР, ДЖЕМПЕР  ИЗ ШЕРСТЯНОЙ ИЛИ ПОЛУШЕРСТЯНОЙ ПРЯЖИ МУЖСКОЙ",,,,193240.477792,,143531.74,,207205.39,,159308.74,,186349.68,,239142.0,,218453.0,,182742.68
"СВИТЕР, ДЖЕМПЕР ИЗ СИНТЕТИЧЕСКОЙ ПРЯЖИ МУЖСКОЙ",,,,116533.35959200001,,117399.84,,93124.13,,91509.56,,121065.25,,145769.0,,156362.0,,69410.96
МАЙКА МУЖСКАЯ,,,,26676.758222,,27044.64,,24118.64,,23681.62,,31533.18,,28274.0,,26479.0,,25846.6
ТРУСЫ МУЖСКИЕ,,,,26608.016988,,24159.36,,25548.85,,21411.48,,26821.94,,32454.0,,30570.0,,22600.4
ФУТБОЛКА ИЗ ХЛОПЧАТОБУМАЖНОГО ИЛИ СМЕСОВОГО ТРИКОТАЖНОГО ПОЛОТНА МУЖСКАЯ,,,,56721.277581,,56934.19,,51287.33,,49865.0,,49994.21,,69031.0,,60415.0,,52701.0
НОСКИ ИЗ ХЛОПЧАТОБУМАЖНОЙ И СМЕСОВОЙ ПРЯЖИ МУЖСКИЕ ,,,,9910.621958,,9244.8,,8154.03,,7860.82,,11475.58,,13468.0,,9015.0,,9094.76
НОСКИ ИЗ ПОЛУШЕРСТЯНОЙ ПРЯЖИ МУЖСКИЕ ,,,,12384.902856,,14273.04,,11756.51,,12025.68,,11689.48,,11727.0,,11949.0,,13499.8
ДУБЛЕНКА МУЖСКАЯ,,,,3607323.2542000003,,4145023.68,,2625905.14,,3738200.0,,2772245.0,,2998182.0,,4412500.0,,4645150.28
ШЛЯПА ИЛИ КЕПКА  МУЖСКАЯ,,,,83496.483416,,76019.04,,80280.98,,85199.92,,81164.02,,86031.0,,86343.0,,88772.44
ПИДЖАК  ИЗ ПОЛУШЕРСТЯНОЙ ТКАНИ МУЖСКОЙ ,,,,282534.050648,,285922.26,,270515.1,,260859.7,,287415.02,,352955.0,,208113.0,,293902.96
ПАЛЬТО ЗИМНЕЕ ЖЕНСКОЕ,,,,1645680.963122,,1900993.48,,1722215.0,,1463569.62,,1627416.4,,1835455.0,,1446054.0,,1431028.24
ДУБЛЕНКА ЖЕНСКАЯ,,,,4752556.766794,,4866118.42,,5173833.43,,4256950.0,,3422933.66,,5034119.0,,5326250.0,,4869336.84
ПАЛЬТО ДЕМИСЕЗОННОЕ ЖЕНСКОЕ,,,,950360.9952519999,,866487.32,,917442.08,,892602.96,,882526.29,,1265182.0,,797354.0,,907293.2
КУРТКА ЖЕНСКАЯ,,,,588661.84012,,462282.04,,583639.98,,445863.04,,654568.74,,691643.0,,640340.0,,639504.36
КОСТЮМ  ИЗ ШЕРСТЯНОЙ ИЛИ ПОЛУШЕРСТЯНОЙ ТКАНИ ЖЕНСКИЙ ,,,,553560.739221,,216092.81,,692609.97,,381474.46,,219921.9,,1320000.0,,212133.0,,538816.16
КОСТЮМ ВЯЗАНЫЙ ЖЕНСКИЙ ,,,,264014.382168,,225034.02,,192523.79,,264783.9,,359152.79,,284887.0,,273956.0,,252202.96
ПИДЖАК ЖЕНСКИЙ,,,,209108.142696,,227258.78,,187406.38,,217877.74,,197325.75,,283649.0,,145395.0,,167860.2
ЮБКА ЖЕНСКАЯ ,,,,167655.09528799998,,171830.22,,171103.96,,160891.18,,166424.01,,163108.0,,170564.0,,172399.44
ДЖИНСЫ ЖЕНСКИЕ,,,,281604.058514,,240447.92,,203066.31,,240359.78,,288004.5,,409550.0,,289000.0,,246179.56
БЛУЗКА ЖЕНСКАЯ,,,,174408.163188,,152358.36,,199367.58,,170040.0,,141507.88,,221696.0,,163336.0,,147487.28
ПЛАТЬЕ ИЗ ПОЛУШЕРСТЯНОЙ ТКАНИ ЖЕНСКОЕ,,,,203937.80289999998,,201400.24,,197842.61,,207817.96,,215625.84,,211300.0,,198150.0,,192644.8
ХАЛАТ ДОМАШНИЙ ЖЕНСКИЙ,,,,130501.117018,,111726.24,,138263.95,,84005.66,,107985.08,,208931.0,,114018.0,,118762.76
"СВИТЕР, ДЖЕМПЕР ИЗ СИНТЕТИЧЕСКОЙ ПРЯЖИ ЖЕНСКИЙ",,,,112243.05660999999,,108876.26,,100666.45,,102334.08,,110162.9,,135245.0,,137854.0,,72745.92
КОСТЮМ СПОРТИВНЫЙ ЖЕНСКИЙ,,,,273309.71473,,251309.28,,259749.72,,202487.54,,228420.5,,366294.0,,339222.0,,212113.0
БЮСТГАЛЬТЕР ,,,,71512.498178,,65679.16,,69647.32,,68186.1,,68665.56,,81621.0,,77330.0,,63708.84
ТРУСЫ  ИЗ ХЛОПЧАТОБУМАЖНОГО ТРИКОТАЖНОГО ПОЛОТНА ЖЕНСКИЕ,,,,18452.707249999996,,16839.98,,17507.34,,19215.8,,21040.23,,19657.0,,19242.0,,14994.16
ШАПКА  МЕХОВАЯ ЖЕНСКАЯ,,,,1133300.83067,,1054696.44,,1202303.34,,1069833.58,,736739.79,,1323573.0,,1141576.0,,1297841.04
ПЛАЩ ЖЕНСКИЙ,,,,340633.2145468072,,374155.96,,267440.55,,347955.72,,300262.61,,,,346195.0,,402712.6
РУБАШКА ЖЕНСКАЯ НОЧНАЯ,,,,64847.13283,,59742.68,,61515.83,,57553.14,,75612.57,,73347.0,,66429.0,,57861.64
"ПЛАТОК, ШАРФ ЖЕНСКИЙ",,,,92760.707792,,43017.04,,125285.61,,40279.92,,88410.29,,200254.0,,54232.0,,62741.8
ШЛЯПА ЖЕНСКАЯ,,,,149838.08699399998,,130325.1,,129076.6,,129501.48,0.0,109582.98,,252970.0,,124751.0,,123746.12
ШУБА (полушубок) ИЗ ИСКУССТВЕННОГО МЕХА ЖЕНСКИЙ,,,,762337.8963499998,,743000.0,,504891.15,,621979.22,,925368.3,,400463.0,,1350000.0,,946103.48
КОМПЛЕКТ БЕЛЬЯ ЖЕНСКОГО,,,,91707.92069799999,,72706.04,,87768.04,,71655.18,,87879.86,,131642.0,,89326.0,,86643.0
КУПАЛЬНЫЙ КОСТЮМ ЖЕНСКИЙ,,,,121844.946472,,129762.52,,101040.25,,84473.68,,138573.9,,193805.0,,85336.0,,94516.48
КОЛГОТКИ ЖЕНСКИЕ,,,,21231.67069,,18045.7,,15517.27,,19511.68,,17006.91,,33296.0,,21659.0,,17321.72
БРЮКИ ЖЕНСКИЕ,,,,215663.642314,,174878.84,,213608.74,,192891.78,,209688.62,,307627.0,,187300.0,,188421.24
КУРТКА  ЗИМНЯЯ И  ДЕМИСЕЗОННАЯ  ДЛЯ МАЛЬЧИКА ,,,,425975.4402119999,,391238.3,,496006.47,,355708.9,,404734.94,,478763.0,,425847.0,,416495.44
КУРТКА  ДЕМИСЕЗОННАЯ  ДЛЯ ДЕВОЧКИ,,,,346383.887626,,307814.72,,347570.45,,295244.82,,346599.86,,419775.0,,348531.0,,335498.52
ПАЛЬТО  ЗИМНЕЕ И ДЕМИСЕЗОННОЕ ДЛЯ ДЕВОЧКИ    ,,,,498701.333546,,529586.56,,527920.44,,420926.82,,512277.59,,521963.0,,471111.0,,512188.88
НОСКИ  ИЗ ХЛОПЧАТОБУМАЖНОЙ И СМЕСОВОЙ ПРЯЖИ ДЕТСКИЕ,,,,6545.2094799999995,,6424.56,,6078.31,,5350.76,,7310.24,,8023.0,,6734.0,,5321.2
БРЮКИ ДЕТСКИЕ,,,,95122.931122,,74256.48,,87444.41,,84125.66,,87935.55,,149369.0,,73168.0,,89411.12
КОСТЮМ ШКОЛЬНЫЙ ,,,,223059.41865199996,,233239.94,,244179.24,,208509.62,,216397.67,,205278.0,,235505.0,,225641.84
КОСТЮМ СПОРТИВНЫЙ ДЕТСКИЙ,,,,158614.38050000003,,146449.52,,142000.5,,131993.72,,158180.88,,202482.0,,174486.0,,134051.56
"ДЖЕМПЕР,CВИТЕР  ИЗ ПОЛУШЕРСТЯНОЙ ПРЯЖИ ДЕТСКИЙ",,,,105457.7773,,89179.24,,104195.51,,74228.44,,104714.99,,140945.0,,109526.0,,104677.92
СОРОЧКА ВЕРХНЯЯ   ИЗ ХЛОПЧАТОБУМАЖНОЙ ИЛИ СМЕСОВОЙ ТКАНИ ДЛЯ МАЛЬЧИКА,,,,53730.253573999995,,57585.38,,55941.67,,48946.88,,61752.02,,51242.0,,50876.0,,52639.2
ЮБКА  ИЗ СМЕСОВЫХ ТКАНЕЙ ИЛИ ТРИКОТАЖНОГО ПОЛОТНА  ДЕТСКАЯ,,,,76576.41967,,67664.68,,97636.04,,60369.58,,83203.52,,87897.0,,69378.0,,69486.72
ПЛАТЬЕ  ИЗ ХЛОПЧАТОБУМАЖНОЙ ТКАНИ ДЕТСКОЕ,,,,84821.60144071691,,69358.02,,,,63283.0,,73058.19,,140238.0,,73455.0,,66190.56
"КОСТЮМ, КОМПЛЕКТ (юбка, брюки, жакет) ДЛЯ ДЕВОЧКИ",,,,193103.610082,,219137.54,,223210.81,,182830.2,,204798.91,,166785.0,,170789.0,,201180.84
ДЖИНСЫ ДЕТСКИЕ,,,,143251.22757400002,,132598.34,,92696.75,,123978.6,,146741.86,,191667.0,,138664.0,,160363.48
БЕЛЬЕ  ДЛЯ  НОВОРОЖДЕННЫХ  И  ДЕТЕЙ  ЯСЕЛЬНОГО  ВОЗРАСТА,,,,30045.839107999996,,37296.56,,35325.38,,15066.68,,37258.72,,25064.0,,39464.0,,23614.44
КОМПЛЕКТ БЕЛЬЯ ДЕТСКОГО,,,,26541.033102,,26412.16,,34054.11,,25784.18,,27242.7,,26121.0,,24426.0,,22017.4
ШАПОЧКА ТРИКОТАЖНАЯ ДЕТСКАЯ,,,,63056.47793200001,,61786.84,,52011.17,,44276.8,,50403.32,,101089.0,,52099.0,,64583.72
КОЛГОТКИ ДЕТСКИЕ,,,,24353.221642000004,,23020.36,,24348.07,,20326.9,,24465.86,,25682.0,,28355.0,,23825.16
ПИЖАМА ДЕТСКАЯ,,,,61903.906638,,63651.0,,71765.61,,54073.14,,61971.65,,60983.0,,61953.0,,60301.12
"ПОЛУБОТИНКИ, ТУФЛИ  КОЖАНЫЕ МУЖСКИЕ",,,,323914.01327199995,,334429.48,,358733.78,,290232.64,,310514.83,,386005.0,,291682.0,,266342.36
САПОГИ НА МЕХУ  МУЖСКИЕ,,,,565866.894158,,600783.18,,562693.9,,519848.08,,543713.03,,618885.0,,574398.0,,506882.24
ОБУВЬ  ДОМАШНЯЯ  МУЖСКАЯ ,,,,60113.242776,,57112.66,,45797.71,,52117.94,,58976.92,,89788.0,,52218.0,,52116.68
КРОССОВЫЕ ТУФЛИ МУЖСКИЕ,,,,233739.18887199997,,255854.4,,189322.59,,235355.36,,260896.99,,264299.0,,205543.0,,211981.12
"БОСОНОЖКИ, САНДАЛЕТЫ ИЗ НАТУРАЛЬНОЙ ИЛИ ИСКУССТВЕНОЙ КОЖИ  МУЖСКИЕ",,,,192821.55312089273,,153490.0,,345958.0,,146510.0,,138936.89,,,,201530.0,,173333.0
РЕЗИНОВАЯ ОБУВЬ,,,,85620.914806,,78011.98,,86142.25,,82901.8,,85732.49,,91194.0,,87978.0,,85824.12
САПОГИ  ЗИМНИЕ  НА НИЗКОМ КАБЛУКЕ ЖЕНСКИЕ,,,,834833.744446,,804179.14,,801200.49,,862197.52,,871918.0,,857134.0,,777356.0,,876809.04
САПОГИ  ДЕМИСЕЗОННЫЕ  НА ВЫСОКОМ КАБЛУКЕ ЖЕНСКИЕ,,,,707337.137342,,735247.5,,767987.6,,645563.2,,666132.59,,760383.0,,761526.0,,565544.2
"ТУФЛИ   КОЖАНЫЕ НА НИЗКОМ КАБЛУКЕ, НА СИНТЕТИЧЕСКОЙ ПОДОШВЕ ЖЕНСКИЕ",,,,249138.32547399998,,296102.86,,270482.36,,261120.28,,217430.22,,236805.0,,244876.0,,206517.88
ТУФЛИ  МОДЕЛЬНЫЕ ЖЕНСКИЕ,,,,323256.693714,,355581.86,,290243.44,,243829.24,,269632.58,,419210.0,,340244.0,,292862.04
ТУФЛИ   ЛЕТНИЕ КОЖАНЫЕ ЖЕНСКИЕ,,,,208242.58807,,203744.38,,208505.25,,175759.0,,187421.12,,250344.0,,200310.0,,216460.92
ОБУВЬ  ДОМАШНЯЯ ЖЕНСКАЯ ,,,,59018.744324,,58309.34,,45260.51,,50194.22,,55437.02,,83335.0,,51574.0,,59363.24
ТУФЛИ  ИЗ ИСКУССТВЕННОЙ КОЖИ ЖЕНСКИЕ ,,,,171376.428988,,181160.74,,165392.5,,167344.18,,107588.61,,193388.0,,209767.0,,146489.12
ПОЛУСАПОЖКИ ЗИМНИЕ И ДЕМИСЕЗОННЫЕ  ДЛЯ МАЛЬЧИКА,,,,345702.64525,,341091.14,,360790.26,,297593.04,,373599.43,,376984.0,,318997.0,,352831.16
ПОЛУСАПОЖКИ ЗИМНИЕ И ДЕМИСЕЗОННЫЕ  ДЛЯ ДЕВОЧКИ,,,,388015.989358,,422317.66,,407776.23,,327992.32,,399572.98,,408026.0,,363045.0,,388430.56
"БОТИНКИ, ТУФЛИ КОЖАНЫЕ ДЕМИСЕЗОННЫЕ ДЛЯ МАЛЬЧИКА",,,,179250.11970999997,,185354.12,,193821.86,,165869.94,,188257.4,,164673.0,,178919.0,,188756.68
ТУФЛИ ЛЕТНИЕ ДЕВИЧЬИ,,,,133403.82161400001,,102055.84,,171561.29,,145778.06,,122440.6,,147579.0,,128905.0,,107090.24
КРОССОВЫЕ ТУФЛИ ДЕТСКИЕ,,,,117203.73785800001,,93658.32,,117593.07,,113133.14,,138662.22,,147897.0,,98629.0,,103844.16
СТОЛ ПИСЬМЕННЫЙ,,,,710082.59531096,,659159.94,,681630.45,,904350.04,,649128.56,,654479.0,,743406.0,,661250.2648
ШКАФ ДЛЯ ОДЕЖДЫ  И  БЕЛЬЯ,,,,2294368.2913180003,,2456404.34,,1905541.21,,1807203.24,,2038688.97,,3070823.0,,2217516.0,,2211868.64
СТУЛ,,,,328939.61040600005,,294108.16,,384241.77,,314234.42,,323049.81,,384244.0,,328813.0,,243724.16
НАБОР МЕБЕЛИ ДЛЯ СПАЛЬНИ,,,,8324147.391874,,8446087.34,,7932880.39,,7104386.520000001,,7934107.409999999,,9984282.0,,8401379.0,,7707469.24
НАБОР МЯГКОЙ МЕБЕЛИ,,,,6845078.8528700005,,6163240.88,,7036947.609999999,,5800746.380000001,,9265353.719999999,,6723924.0,,7056738.0,,6436061.76
НАБОР КОРПУСНОЙ МЕБЕЛИ ,,,,5043595.543467999,,4934347.64,,5697389.97,,4817007.6,,3820843.57,,5206930.0,,6056352.0,,4353207.2
ДИВАН-КРОВАТЬ,,,,3533797.3163579996,,3264750.42,,2654918.73,,3039320.28,,4018407.36,,4089354.0,,3444507.0,,4226521.08
 ГАРНИТУР КУХОННЫЙ,,,,4218997.948573999,,4659982.32,,5302348.14,,3467012.38,,4441964.08,,3947411.0,,3806057.0,,4200313.8
ГАРНИТУР ДЛЯ ПРИХОЖЕЙ,,,,2290542.895898,,2591671.62,,2233654.01,,2392955.92,,1771846.09,,2458854.0,,2177905.0,,2205672.68
КОВЕР ИЗ  ШЕРСТЯНОЙ И СИНТЕТИЧЕСКОЙ ПРЯЖИ       (за 1 м2),,,,139534.817388,,140509.7,,144592.29,,123011.02,,149340.09,,134508.0,,137904.0,,155317.84
КОВЕР ИЗ СИНТЕТИЧЕСКОЙ ПРЯЖИ (за 1 м2)  ,,,,147703.789734,,127310.84,,86884.79,,96833.38,,108308.76,,255973.0,,172777.0,,133357.88
ДОРОЖКА КОВРОВАЯ (за 1 м2),,,,86616.506202,,85090.16,,80633.18,,88641.7,,76478.96,,110973.0,,68713.0,,84915.48
КОМПЛЕКТ БЕЛЬЯ ПОСТЕЛЬНОГО ,,,,212359.81606199997,,192039.82,,255363.01,,195803.6,,202887.66,,228929.0,,209364.0,,197137.24
ОДЕЯЛО ПОЛУШЕРСТЯНОЕ,,,,211651.48749600002,,165656.7,,221269.5,,203152.74,,190860.69,,294899.0,,182630.0,,189154.28
ОДЕЯЛО ВАТНОЕ,,,,198806.97078599996,,192758.6,,200911.85,,208822.9,,182284.01,,191581.0,,226158.0,,183767.84
ПОКРЫВАЛО ,,,,175178.04088400002,,170281.48,,184608.34,,141476.64,,120815.71,,283181.0,,137969.0,,135388.72
СКАТЕРТЬ,,,,49742.7007,,43948.08,,52017.19,,47375.24,,41792.47,,60393.0,,45763.0,,52787.76
ПОЛОТНО ГАРДИННОЕ ТЮЛЕВОЕ ИЗ СИНТЕТИЧЕСКИХ НИТЕЙ,,,,40646.761657999996,,33901.58,,36799.82,,27975.44,,42621.59,,62430.0,,31666.0,,43444.68
ПОЛОТЕНЦЕ МАХРОВОЕ БАННОЕ ,,,,96617.895348,,85210.72,,94120.66,,91741.4,,99727.77,,104109.0,,91481.0,,111501.88
ТАРЕЛКА,,,,11857.29936,,6661.54,,11304.03,,6006.86,,9955.93,,27591.0,,7548.0,,7870.28
"СЕРВИЗ ЧАЙНЫЙ, КОФЕЙНЫЙ",,,,132162.181476,,99692.96,,131427.44,,82406.68,,95526.88,,226735.0,,141609.0,,104825.16
ВАЗА,,,,82475.05861000001,,87028.14,,106954.47,,76537.52,,106306.24,,59005.0,,78617.0,,78025.96
КАСТРЮЛЯ,,,,145906.170416,,146072.8,,139592.8,,147521.76,,128589.58,,175390.0,,130702.0,,137857.6
ХОЛОДИЛЬНИК,,,,3977362.3744440004,,4599995.58,,4268260.71,,3934397.1,,3771426.38,,3156862.0,,4153643.0,,4260228.72
ЛАМПА ЭЛЕКТРИЧЕСКАЯ,,,,5285.991444,,2160.74,,3882.73,,8290.78,,6689.82,,9031.0,,2805.0,,2468.32
МАШИНА СТИРАЛЬНАЯ,,,,2802643.7523459997,,2985474.42,,3046172.56,,2768389.16,,2873061.94,,2631499.0,,2653955.0,,2751425.08
ПЫЛЕСОС НАПОЛЬНЫЙ,,,,802223.005656,,833653.32,,844584.75,,762687.12,,816676.64,,796120.0,,865361.0,,680437.8
УТЮГ  ЭЛЕКТРИЧЕСКИЙ,,,,223395.270292,,247087.38,,195465.46,,211958.54,,211184.67,,240177.0,,249801.0,,188996.16
КОМБАЙН КУХОННЫЙ,,,,729152.15241,,738918.4,,843242.37,,607809.14,,737868.61,,629748.0,,809442.0,,802183.56
ЛЮСТРА ЭЛЕКТРИЧЕСКАЯ,,,,328887.45588799997,,288383.26,,295862.83,,245451.42,,244076.54,,614892.0,,233136.0,,254845.72
ЧАЙНИК ЭЛЕКТРИЧЕСКИЙ,,,,220690.381028,,214650.88,,223301.6,,188672.88,,195025.95,,273861.0,,209114.0,,218510.56
СОКОВЫЖИМАЛКА ЭЛЕКТРИЧЕСКАЯ,,,,443036.944596,,420305.66,,419753.06,,439809.82,,425028.66,,579985.0,,347782.0,,413970.64
ПЕЧЬ МИКРОВОЛНОВАЯ,,,,861092.352148,,800658.06,,828359.37,,786629.18,,859643.58,,1000782.0,,898437.0,,791607.08
ПЛИТА  БЫТОВАЯ ЭЛЕКТРИЧЕСКАЯ,,,,2276294.2881380003,,2452415.98,,2498400.33,,2399588.4,,2505362.8,,2133895.0,,1961353.0,,2062713.0
РАДИАТОР БЫТОВОЙ ЭЛЕКТРИЧЕСКИЙ,,,,682596.009212,,702658.66,,713104.1,,664557.54,,615519.27,,765619.0,,653540.0,,610324.64
ДРЕЛЬ ЭЛЕКТРИЧЕСКАЯ,,,,585559.373542,,463807.06,,591847.13,,517894.48,,572887.7,,679143.0,,725629.0,,496677.84
ТЕЛЕВИЗОР ЦВЕТНОГО ИЗОБРАЖЕНИЯ,,,,2491804.3867860003,,3335097.86,,2522298.86,,2134915.48,,2287652.76,,2664728.0,,2291138.0,,2017928.68
МУЗЫКАЛЬНЫЙ ЦЕНТР,,,,1478039.845136,,1127958.68,,1157695.27,,1370867.0,,1675456.2,,2159432.0,,1179876.0,,1477422.92
DVD-ПЛЕЕР,,,,485307.103864,,451330.62,,424551.71,,416438.9,,483495.52,,581555.0,,540694.0,,455981.56
КОМПАКТ-ДИСК (без записи),,,,5830.489774000001,,5686.84,,5345.32,,4426.06,,5581.67,,8824.0,,5575.0,,3957.12
КИРПИЧ СТРОИТЕЛЬНЫЙ (за 1тыс. шт),,,,1685349.6734920002,,1423006.14,,2102050.0,,1901561.78,,1281604.4,,1521115.0,,2178489.0,,1298117.48
ОБОИ (за рулон 10 м),,,,44987.55469399999,,44392.28,,34280.96,,32130.62,,32579.19,,79583.0,,38530.0,,37156.96
ПИЛОМАТЕРИАЛЫ ХВОЙНЫЕ ОБРЕЗНЫЕ И НЕОБРЕЗНЫЕ (за 1 м3 ) ,,,,1067980.8300839998,,1028131.22,,1051658.0,,886577.5,,1202652.65,,1246575.0,,769125.0,,1332754.32
ПЛИТКА КЕРАМИЧЕСКАЯ (за1  м2),,,,71783.60282599999,,59858.56,,74929.42,,63622.5,,61623.0,,96410.0,,67420.0,,68514.72
ЦЕМЕНТ (за 50 кг),,,,69485.851094,,65328.24,,69794.51,,73582.3,,62931.08,,71013.0,,70565.0,,71518.32
ШИФЕР (за 10 условных штук),,,,46946.69994352,,42485.3,,48462.68,,50059.74,,45303.87,,47088.0,,46700.0,,48545.98760000001
ЛИНОЛЕУМ (за 1 м2),,,,77211.82953999999,,70354.12,,84107.13,,58434.28,,74782.1,,94464.0,,64941.0,,92308.68
СТЕКЛО ОКОННОЕ (за 1 м2),,,,55059.689957999995,,52597.74,,63974.28,,52899.12,,53469.54,,65750.0,,37863.0,,56975.52
СЧЕТЧИК УЧЕТА ПОТРЕБЛЕНИЯ ВОДЫ,,,,200337.94370200002,,229563.86,,135598.23,,210389.16,,175322.36,,213425.0,,214148.0,,207080.32
"ПАНЕЛИ ДЛЯ ОТДЕЛКИ ПОТОЛКА, СТЕН ИЗ ПВХ  (за 1 м2)",,,,55644.149598,,52091.76,,48952.69,,50699.82,,56442.54,,59282.0,,63526.0,,57096.84
ОКОННЫЙ БЛОК ДВУХСТВОРЧАТЫЙ (размер 130х140см) СО СТЕКЛОПАКЕТОМ,,,,2058401.454662,,1956978.12,,1871275.24,,1972185.1,,1937953.07,,2531667.0,,2038098.0,,1861696.96
ДВЕРНОЙ БЛОК С ДВЕРЬЮ (размер 210х70 см                  или 210х80 см),,,,1063679.5626,,966450.32,,1164600.51,,851888.56,,1003103.27,,1356741.0,,1262033.0,,662835.48
ЛАМИНАТ (за 1 м2),,,,114808.24137200002,,104353.88,,118131.37,,113928.92,,105399.02,,131158.0,,112989.0,,109728.0
СУМКА ИЗ ИСКУССТВЕННОЙ КОЖИ,,,,222019.505988,,193791.6,,234065.54,,191640.72,,194858.6,,314527.0,,194068.0,,192148.0
СУМКА ИЗ НАТУРАЛЬНОЙ КОЖИ,,,,579325.336596,,525060.98,,577232.07,,484224.22,,521829.75,,688816.0,,594790.0,,628684.0
ПЕРЧАТКИ ИЗ НАТУРАЛЬНОЙ КОЖИ,,,,168459.81299,,164495.34,,155557.13,,157516.48,,151812.75,,248249.0,,134248.0,,129198.88
РЕМЕНЬ ПОЯСНОЙ ИЗ НАТУРАЛЬНОЙ ИЛИ ИСКУССТВЕННОЙ КОЖИ,,,,69907.835934,,58975.12,,71871.5,,66163.1,,62633.0,,101687.0,,55385.0,,59244.32
СОСУДОРАСШИРЯЮЩИЕ И СПАЗМОЛИТИЧЕСКИЕ ПРЕПАРАТЫ (за 10 таблеток),,,,1266.8329068729543,,1067.5333333333333,,1042.0,,1306.6,,1141.0,,1344.0,,979.1666666666667,,1896.4533333333334
"ПРЕПАРАТЫ, УЛУЧШАЮЩИЕ МОЗГОВОЕ КРОВООБРАЩЕНИЕ (за 10 таблеток)",,,,1109.4273694998183,,591.5333333333333,,1360.0,,932.1,,873.0,,1047.0,,1021.2,,2071.48
ДИУРЕТИЧЕСКИЕ ПРЕПАРАТЫ (за 10 таблеток),,,,2244.9825776530984,,1793.12,,2101.0,,1202.44,,3845.0,,1004.0,,2119.916666666667,,5664.986666666667
ТРАНКВИЛИЗАТОРЫ (за 10 таблеток),,,,2020.2795235733884,,2056.5466666666666,,1762.0,,2326.133333333333,,3728.0,,1287.0,,1621.5,,2349.2
НЕНАРКОТИЧЕСКИЕ АНАЛЬГЕТИКИ (за 10 таблеток),,,,837.1029408292128,,830.4,,1336.0,,708.4,,1190.0,,600.0,,653.7333333333333,,851.36
АНТИБИОТИКИ (за 10 таблеток),,,,2290.5834166890995,,1757.6666666666667,,2675.0,,1397.6,,2183.0,,1976.0,,1217.2,,5413.333333333333
ВИТАМИНЫ (за 10 таблеток),,,,1744.5857969330743,,1491.2666666666667,,1934.0,,1295.68,,1876.0,,1599.0,,1198.8,,3114.6833333333334
АНТИСЕПТИЧЕСКИЕ СРЕДСТВА (за 10 мл),,,,1933.5256515681745,,1828.32,,2021.0,,2038.4,,2240.0,,1928.0,,1983.8666666666663,,1512.8266666666668
ГОРЧИЧНИКИ (за 10 шт),,,,6376.3445374817575,,6098.133333333333,,6139.0,,6274.373333333334,,5433.0,,6365.0,,6574.166666666667,,7752.0666666666675
ВАТА (за 50 г),,,,5585.572909612123,,5001.3,,4967.0,,5769.2,,7273.0,,5589.0,,5821.666666666667,,4931.8
ЛЕЙКОПЛАСТЫРЬ (за упаковку размером 3 см  х 5 м),,,,8377.362016690044,,8635.5,,8062.0,,7759.333333333334,,8457.0,,8940.0,,8411.25,,7867.733333333333
БИНТ (за упаковку размером 5 см х 10 м),,,,2987.857686,,2544.9,,4496.1,,2808.24,,3598.63,,2321.0,,2935.0,,2685.52
ОЧКИ И ОПРАВЫ,,,,67160.359306,,50035.7,,54080.55,,44237.64,,61937.54,,101927.0,,72891.0,,73256.88
АВТОМОБИЛЬ ЛЕГКОВОЙ,,,,137002118.57000569,,,,207959583.0,,120378607.0,,165489296.0,,129240357.0,,,,64209120.0
ВЕЛОСИПЕД ,,,,906841.947994,,895151.32,,828912.37,,697893.34,,790168.03,,1296346.0,,826986.0,,848402.4
МОТОЦИКЛ,,,,10218039.120860362,,10095390.0,,7500000.0,,,,,,10869000.0,,,,12339460.0
БЕНЗИН АВТОМОБИЛЬНЫЙ (за 1 л),,,,5719.363998,,5691.2,,5709.51,,5776.9,,5752.39,,5660.0,,5733.0,,5740.4
ТОПЛИВО ДИЗЕЛЬНОЕ (л),,,,6299.440127999999,,6300.0,,6295.68,,6300.0,,6300.0,,6300.0,,6300.0,,6300.0
МОЮЩИЕ СРЕДСТВА ПО УХОДУ ЗА АВТОМОБИЛЯМИ (л),,,,35297.899216,,34790.54,,37886.53,,26776.98,,31366.18,,41909.0,,35592.0,,36619.04
ЕЖЕДНЕВНАЯ ГАЗЕТА ,,,,925.517466,,1022.04,,831.79,,883.5,,1082.03,,940.0,,810.0,,935.24
ЕЖЕНЕДЕЛЬНАЯ ГАЗЕТА  ,,,,2197.13562,,1778.6,,2036.9,,2170.12,,2443.4,,3080.0,,2029.0,,1443.28
ЕЖЕМЕСЯЧНЫЙ ЖУРНАЛ ,,,,6728.427062000001,,5975.2,,6858.17,,5831.46,,5566.77,,10854.0,,5337.0,,4743.96
ЧАСЫ,,,,154020.62088200002,,132344.38,,111787.13,,136271.4,,127534.98,,259445.0,,144600.0,,113755.8
МЫЛО ХОЗЯЙСТВЕННОЕ (за 400 г),,,,5883.551644,,5637.96,,5377.14,,4566.68,,6806.94,,6579.0,,5892.0,,6418.56
СИНТЕТИЧЕСКИЕ МОЮЩИЕ СРЕДСТВА    (за 500 г),,,,10814.776592,,10171.84,,9719.18,,10912.32,,9674.05,,11122.0,,12332.0,,11371.4
КРЕМ ДЛЯ ОБУВИ  (за 75 г),,,,10092.576734,,7723.92,,7258.14,,10518.7,,7641.37,,15403.0,,7817.0,,12190.32
КРАСКА ПОЛОВАЯ И ПРОЧАЯ (за 1 кг),,,,27585.18647,,26373.26,,26499.1,,30354.92,,23399.24,,27817.0,,31515.0,,25314.12
ЛАК ДЛЯ ПАРКЕТА И ПРОЧИЙ (за 1 кг),,,,45540.987466,,46624.7,,48646.64,,54997.32,,28696.46,,47653.0,,41614.0,,46256.2
ТОВАРЫ ХОЗЯЙСТВЕННЫЕ  ИЗ ПЛАСТМАССЫ И МЕТАЛЛА,,,,36531.301398,,43943.08,,37955.27,,31227.98,,37622.18,,42663.0,,26204.0,,34475.68
КАРНИЗЫ,,,,127637.78596000001,,110076.5,,91108.96,,94342.74,,93903.67,,164868.0,,158272.0,,165749.8
ЗАМКИ ВРЕЗНЫЕ И НАКЛАДНЫЕ,,,,66114.765,,65086.98,,61982.92,,66476.22,,62123.46,,60280.0,,77983.0,,69889.28
ЮВЕЛИРНЫЕ ИЗДЕЛИЯ ИЗ ЗОЛОТА  (за 1г),,,,559297.177838,,561530.42,,574122.18,,505349.12,,622378.74,,533751.0,,583553.0,,560422.92
ФОТОАППАРАТ,,,,485008.805135257,,179500.0,,779505.14,,361530.0,,,,97438.0,,1262467.0,,348177.36
ФОТОКАМЕРА  ЦИФРОВАЯ ,,,,1366250.2112279998,,1309117.54,,1426093.87,,1327319.06,,1424325.96,,1370317.0,,1375722.0,,1347338.68
ИГРУШКИ,,,,71109.58639,,76175.68,,63950.35,,46323.7,,50851.26,,137627.0,,35478.0,,59726.56
АППАРАТ  ТЕЛЕФОННЫЙ ,,,,210511.736314,,300172.46,,224923.18,,194596.56,,169423.21,,210824.0,,205092.0,,147207.48
КОЛЯСКА  ДЕТСКАЯ ,,,,1784620.132746,,1572083.44,,1681043.39,,1888761.38,,1290336.71,,2459850.0,,1699104.0,,1497071.84
ЗОНТ,,,,137508.562236,,110626.0,,119295.06,,120821.36,,122845.55,,214903.0,,115172.0,,127778.04
ТЕЛЕФОН НЫЙ АППАРАТ СОТОВОЙ СВЯЗИ ,,,,1004897.1329379999,,852369.42,,1160657.25,,1228407.32,,876158.11,,1151470.0,,955833.0,,674251.68
ТЕТРАДЬ (в пересчете за 12 листов),,,,592.2784800000001,,573.84,,567.05,,527.88,,619.71,,778.0,,517.0,,488.08
РУЧКА ШАРИКОВАЯ,,,,1929.8512899999998,,1823.54,,1964.23,,1614.36,,2068.84,,2461.0,,1631.0,,1802.84
ШАМПУНЬ  (за 250 мл),,,,13339.665732000001,,12704.74,,10123.21,,12318.62,,11076.74,,19984.0,,12530.0,,11223.2
ЗУБНАЯ ПАСТА  (за 75 г),,,,6793.055582,,6095.64,,7620.81,,5987.26,,5218.19,,7954.0,,7487.0,,6506.16
МЫЛО ТУАЛЕТНОЕ  (за 150 г),,,,7198.484893999999,,6394.24,,7669.83,,6048.42,,6902.04,,8377.0,,7628.0,,6965.0
КРЕМ ДЛЯ ЛИЦА  (за 100 г),,,,33415.408987999996,,22625.5,,24372.13,,25224.78,,33374.23,,61298.0,,29449.0,,26550.6
ДЕЗОДОРАНТ  (за 110 мл),,,,18797.134683999997,,19249.88,,17634.17,,17406.36,,17463.7,,19948.0,,20051.0,,19100.4
ЛЕЗВИЯ ДЛЯ БРИТВЫ (за блок из 10 лезвий),,,,12233.33238,,10312.86,,13665.86,,13356.18,,12138.6,,11638.0,,12830.0,,11919.44
ЩЕТКА ЗУБНАЯ ,,,,9418.854392,,5784.72,,7301.97,,6144.52,,5875.05,,20807.0,,8488.0,,6316.28
ТУАЛЕТНАЯ ВОДА (за 100 мл),,,,143799.939886,,74258.1,,76452.82,,68937.56,,86525.46,,407168.0,,99087.0,,78996.12
"ГУБНАЯ ПОМАДА (за 4,3-4,8 г)",,,,15733.363745999999,,11713.3,,14434.34,,18771.68,,13354.28,,20990.0,,14713.0,,13166.96
"ЛАК ДЛЯ ВОЛОС (за 250 мл), БАЛЬЗАМ ДЛЯ ВОЛОС             (за 250 мл)",,,,17865.15411,,14328.82,,17689.39,,15501.92,,15433.06,,27511.0,,12781.0,,18488.92
МАШИНА ШВЕЙНАЯ,,,,1939734.888532,,1743964.52,,1727761.16,,1746673.8,,2242983.87,,2259197.0,,1758600.0,,2084950.0
ЦВЕТЫ (за 1 шт),,,,16712.929878,,13856.2,,17576.52,,15320.18,,17598.95,,16545.0,,18743.0,,18009.6
ДРОВА (за 1 м3),,,,31849.9738,,30000.0,,40000.0,,35714.0,,23600.0,,18000.0,,54400.0,,22000.0
ТОРФ  (за 1 т),,,,112072.29,,132000.0,,122000.0,0.0,105000.0,0.0,105000.0,0.0,75000.0,0.0,149700.0,0.0,105000.0
КАРТРИДЖ ДЛЯ ОЧИСТКИ ВОДЫ,,,,53718.837776,,53049.44,,54984.88,,39941.72,,51037.25,,67472.0,,52827.0,,51977.52
СПИЧКИ (за 1 коробок),,,,167.849982,,160.34,,172.9,,157.24,,161.45,,180.0,,169.0,,170.12
