,,,,Беларусь,,Брестская,,Витебская,,Гомельская,,Гродненская,,г. Минск,,Минская,,Могилевская
ПРОДОВОЛЬСТВЕННЫЕ ТОВАРЫ,,,,,,,,,,,,,,,,,,
ГОВЯДИНА  (кроме бескостного мяса),,,,67132.965736,,66480.56,,68741.89,,66522.16,,54101.18,,69060,,69890,,71760.8
ГОВЯДИНА БЕСКОСТНАЯ,,,,102687.00014799999,,93523.23999999999,,103804.84999999999,,93917.43,,89113.62,,113897,,111414,,96937.05
СВИНИНА (кроме бескостного мяса),,,,60493.243172,,58193.04,,60916.829999999994,,59824.72,,55775.420000000006,,63014,,60260,,62548.25
СВИНИНА БЕСКОСТНАЯ,,,,88435.931028,,82844.95999999999,,95394.15,,91013.97,,89795.74,,83587,,87857,,95846.70000000001
ФАРШ МЯСНОЙ (без добавок),,,,69825.2141,,69613.44,,67424.54,,64442.130000000005,,72084.14,,75456,,64704,,70360.6
"КУРЫ (ЦЫПЛЯТА, ВКЛЮЧАЯ БРОЙЛЕРОВ)",,,,31220.671268000002,,30382.92,,31955.219999999998,,30977.87,,31044.120000000003,,31514,,31663,,30508
ПОЛУФАБРИКАТЫ ИЗ МЯСА ПТИЦЫ,,,,42872.457148,,39777.04,,44667.02,,44545.05,,44010.3,,41609,,43617,,43399.85
СУБПРОДУКТЫ ИЗ ПТИЦЫ,,,,29497.197372,,27524.64,,28943.019999999997,,28213.52,,33507.72,,30096,,28209,,30299.25
КОТЛЕТЫ МЯСНЫЕ (за 1 шт. весом 100 г),,,,6008.607288,,6462.68,,5097.75,,6133.61,,5811.06,,6630,,5782,,5269.25
ПЕЛЬМЕНИ МЯСНЫЕ,,,,47681.265011999996,,44387.479999999996,,41312.88,,46043.26,,46614.5,,55300,,46468,,44422.85
"САЛО, ГРУДИНКА",,,,92235.936656,,77299.04,,90269.13,,85959.32,,86280.76000000001,,105279,,93861,,91351.20000000001
КОЛБАСА ВАРЕНАЯ ВЫСШЕГО СОРТА,,,,60171.113476,,59151.88,,60843.08,,60699.880000000005,,58786.32000000001,,60088,,59025,,63309.8
КОЛБАСА ВАРЕНАЯ ПЕРВОГО СОРТА,,,,45178.850827999995,,45671.28,,42908.04,,41744.61,,41423.06,,49046,,46470,,43809.7
КОЛБАСА ВАРЕНАЯ ВТОРОГО СОРТА И БЕССОРТОВАЯ ,,,,34675.646248000005,,38407,,33970.939999999995,,31638.25,,34521.48,,35663,,34676,,32478.1
КОЛБАСА ПОЛУКОПЧЕНАЯ,,,,88734.34074,,84131.84,,84065.59,,84909.09,,82153.78,,104263,,84028,,78445.79999999999
КОЛБАСА СЫРОКОПЧЕНАЯ,,,,167231.29996399998,,153468.52000000002,,173203.18,,168775.78,,166493.32,,181632,,154266,,157571.9
"ПАШТЕТ, ЗЕЛЬЦ, САЛЬТИСОН",,,,31834.507096,,29887.52,,30833.34,,29386.14,,23645.28,,34042,,38622,,31753.9
КОЛБАСА ЛИВЕРНАЯ И КРОВЯНАЯ,,,,19661.729516000003,,18712.92,,21214.32,,23846.08,,16324.84,,18371,,21881,,17228.85
"СОСИСКИ, САРДЕЛЬКИ",,,,59280.770887999985,,56568.88,,57960.97,,56392.53999999999,,57822.380000000005,,62809,,60302,,58868.25
"ВЕТЧИНА, БУЖЕНИНА, ОКОРОК",,,,94953.997064,,106883.79999999999,,90543.57999999999,,87203.11,,114851.88,,101154,,76050,,85697.45000000001
ГОВЯДИНА ТУШЕНАЯ КОНСЕРВИРОВАННАЯ (за условную банку весом 350 г),,,,30555.845636000002,,28904.36,,30555.68,,30530.47,,32456.820000000003,,32044,,28549,,29659.25
СВИНИНА ТУШЕНАЯ КОНСЕРВИРОВАННАЯ (за условную банку весом 350 г),,,,33864.000327999995,,30514.640000000003,,32903.89,,34409.229999999996,,35570.12,,37537,,30307,,32222.6
КОНСЕРВЫ  МЯСНЫЕ ДЛЯ  ДЕТСКОГО  И  ДИЕТИЧЕСКОГО ПИТАНИЯ (за условную банку весом 350 г),,,,52616.8408,,54683.479999999996,,52190.479999999996,,45906.43,,54869.16,,55820,,52379,,49005.95
РЫБА ЖИВАЯ,,,,45512.431848,,42690.88,,38818.86,,47330.07,,44904,,48094,,46496,,46888.8
РЫБА МОРОЖЕНАЯ (тресковые и скумбриевые),,,,40011.541316,,32918.6,,42712.38,,38590.82,,38122.64,,45302,,34999,,43075
РЫБА МОРОЖЕНАЯ (филе и разделанная),,,,63839.63502,,58457.28,,55035.78,,59976.36,,62472.58,,79635,,54513,,59808.25
РЫБА СОЛЕНАЯ И КОПЧЕНАЯ,,,,97566.901428,,97318.24,,100897.73,,99401.08,,106401.12,,88881,,106848,,91234.75
РЫБА СОЛЕНАЯ И КОПЧЕНАЯ ДЕЛИКАТЕСНАЯ,,,,249496.598132,,277071.56,,259710.08,,194369.64,,239316.36000000002,,232256,,291394,,270590.7
ИКРА ЛОСОСЕВЫХ РЫБ,,,,844853.8947400001,,745423.2000000001,,859555.29,,769008.64,,826772.1600000001,,984397,,798494,,774934.35
ПРОЧИЕ   ВИДЫ   ИКРЫ   РЫБ   (за условную банку весом      200 г),,,,29696.744496,,32066.480000000003,,27772.91,,31229.28,,30532.520000000004,,30046,,28689,,26662.75
СЕЛЬДЬ СОЛЕНАЯ,,,,50601.157380000004,,55587.92,,54671.649999999994,,52247.82000000001,,53568.44,,49304,,45822,,44723.7
"ПОЛУФАБРИКАТЫ РЫБНЫЕ (котлеты, палочки рыбные , фарш)",,,,60004.448191999996,,54180.6,,60008.38999999999,,62910.759999999995,,53265.560000000005,,64032,,61442,,58031.1
КОНСЕРВЫ РЫБНЫЕ (за условную банку весом 350г),,,,20644.159236,,21713.36,,16301.47,,21088.71,,20094.88,,22637,,19527,,20814.05
КОНСЕРВЫ РЫБНЫЕ ДЕЛИКАТЕСНЫЕ (шпроты и лосось) - за условную банку весом 350 г,,,,41505.168024,,40501.84,,41357.95999999999,,39357.28,,38431.68,,47606,,37393,,39167.9
ПРЕСЕРВЫ РЫБНЫЕ (филе сельди в различных соусах и заливках) - за условную банку весом 250 г,,,,22804.515176,,22954.64,,22330.71,,21883.29,,23948.64,,23657,,22431,,21490.8
,,,,,,,,,,,,,,,,,,
"* - на уровень средней цены, кроме ценовых факторов, оказывают влияние также структурные сдвиги, среди  которых особо следует  ",,,,,,,,,,,,,,,,,,
"выделить многообразные ассортиментные изменения: появление новых товаров, исчезновение старых, изменение  доли  отдельных",,,,,,,,,,,,,,,,,,
"товаров  с  различным уровнем  цен,  территориальные  сдвиги  в  размещении товаров с  региональной  дифференциацией  цен,  ",,,,,,,,,,,,,,,,,,
сезонные  колебания цен и прочее.  Поэтому средние цены не всегда могут быть использованы для характеристики динамики цен.,,,,,,,,,,,,,,,,,,
** - с января 2014 года расчет средних цен производится по формуле средней геометрической величины,,,,,,,,,,,,,,,,,,
,,,,,,,,,,,,,,,,,,
"МОЛОКО ЦЕЛЬНОЕ ПАСТЕРИЗОВАННОЕ, СТЕРИЛИЗОВАННОЕ",,,,9504.949536,,8444.44,,9597.369999999999,,9238.82,,9057.060000000001,,9562,,10232,,10327.75
КЕФИР (ПРОДУКТ КЕФИРНЫЙ),,,,9402.087236,,8993.72,,9990.419999999998,,9316.970000000001,,9645.300000000001,,9385,,9224,,9379.9
СМЕТАНА ,,,,33515.378427999996,,33524.28,,36535.93,,30814.06,,32779.66,,34519,,31345,,34882.15
ТВОРОГ ЖИРНЫЙ,,,,47963.369696,,49345.079999999994,,49707.14,,46802.83,,44301.12,,49567,,46129,,48172.1
ТВОРОГ НЕЖИРНЫЙ,,,,41770.8874,,43525.76,,41397.939999999995,,40943.130000000005,,41672.8,,40624,,43427,,41794.9
ЙОГУРТ (за 250 г),,,,8275.973300000001,,8239.28,,7845.439999999999,,9044.77,,8619.92,,9049,,7678,,6312.2
СЫРОК ГЛАЗИРОВАННЫЙ  (за 50 г),,,,4486.234299999999,,4492.44,,4680.009999999999,,4393.58,,4482.34,,4411,,4443,,4637.45
"ТВОРОЖНЫЙ ДЕСЕРТ, КРЕМ, ПУДИНГ  (за 200 г)",,,,10023.904468,,10583.4,,10205.419999999998,,10200.06,,10253.42,,9841,,9427,,9989
"ПОЛУФАБРИКАТЫ ИЗ ТВОРОГА (вареники, блинчики)",,,,55330.332584,,50550.56,,53427.659999999996,,57563.74,,53101.68000000001,,59403,,54139,,54052.95
СУХИЕ МОЛОЧНЫЕ СМЕСИ  ДЛЯ  ДЕТСКОГО  И  ДИЕТИЧЕСКОГО ПИТАНИЯ,,,,109475.479732,,108797.12,,126533.75,,89707.37,,117086.06,,111475,,113459,,97409.5
МОЛОКО СГУЩЕНОЕ С САХАРОМ (за условную банку весом 400 г),,,,17594.31032,,16911.760000000002,,18079.719999999998,,16509.04,,17682.940000000002,,18045,,18252,,17079.8
МОРОЖЕНОЕ,,,,92491.83496,,99206.08,,76664.48999999999,,100192.47,,87966.22,,93003,,103102,,80541.05
СЫР  ТВЕРДЫЙ,,,,100271.29988799998,,95123.36,,96250.7,,102273.34,,101703.42,,100827,,101140,,104420.3
СЫР МЯГКИЙ ,,,,84048.797368,,74383.79999999999,,78403.86,,74563.54,,74463.94,,97648,,91211,,79515.3
СЫР ПЛАВЛЕНЫЙ,,,,69995.45602799999,,70413.68000000001,,74099.3,,73718.31,,59501.26000000001,,73781,,68483,,63422.45
"СЫР РАССОЛЬНЫЙ (БРЫНЗА, СУЛУГУНИ И ПРОЧИЕ)",,,,97149.96367999999,,96711,,97212.29000000001,,97298.68,,87718.92,,88843,,110701,,109311.54999999999
МАСЛО ЖИВОТНОЕ,,,,96184.97541199999,,91266.12,,96631.58,,99736.7,,91740.38,,100167,,92410,,96977.29999999999
МАСЛО РАСТИТЕЛЬНОЕ (кроме оливкового),,,,26922.085767999997,,25657.44,,26440.77,,27287.47,,26764.280000000002,,28358,,26524,,25586.550000000003
МАСЛО ОЛИВКОВОЕ,,,,151345.956672,,152807.24,,169319.41999999998,,145885.97999999998,,164913.06,,138923,,160052,,140992.25
МАРГАРИН,,,,36748.696092,,35133.52,,33699,,34269.84,,35145.64,,39609,,38133,,37806.3
ЖИР ЖИВОТНЫЙ,,,,15524.32296,,18233.760000000002,,11885.06,,12440.56,,18957.120000000003,,17321,,15583,,12042.55
ЯЙЦА  КУРИНЫЕ (за 10 шт.),,,,17654.279588,,17380.760000000002,,18797.3,,16811.260000000002,,16506.7,,17972,,18234,,17331.25
САХАР-ПЕСОК,,,,14056.819636,,13996.96,,14051.98,,14115.43,,14060.660000000002,,14303,,13908,,13633.85
ЧАЙ ЧЕРНЫЙ БАЙХОВЫЙ,,,,264143.344488,,277997.8,,222890.3,,238800.79,,248432.94000000003,,277664,,310675,,242190.2
КОФЕ НАТУРАЛЬНЫЙ МОЛОТЫЙ,,,,212334.649904,,220396.96000000002,,233635.39999999997,,197790.28999999998,,227027.58000000002,,200765,,201641,,226636.2
КОФЕ РАСТВОРИМЫЙ,,,,499047.2130719999,,503156.72,,504591.38999999996,,491393.70999999996,,471582.22000000003,,474446,,525804,,551710
МЁД  НАТУРАЛЬНЫЙ,,,,96585.386132,,86120.44,,94133.75,,96014.57,,95843.52,,108375,,91774,,90311
СОЛЬ  ПОВАРЕННАЯ  ПИЩЕВАЯ,,,,3975.580816,,4231.92,,3909.3599999999997,,3950.62,,3885.6000000000004,,4180,,3509,,4012.5
МУКА ПШЕНИЧНАЯ ,,,,8615.402952,,8596.68,,8332.45,,8673.84,,8700.320000000002,,9077,,8382,,7942.349999999999
"ХЛЕБ РЖАНОЙ,РЖАНО-ПШЕНИЧНЫЙ",,,,12572.282296,,12554.64,,12306.11,,12514.01,,10945.62,,14075,,11389,,12536.25
"ХЛЕБ, ИЗДЕЛИЯ БУЛОЧНЫЕ (БАТОН) ИЗ  МУКИ ПШЕНИЧНОЙ ВЫСШЕГО СОРТА",,,,19097.723496000002,,17899.96,,16069.419999999998,,19080.62,,17053.120000000003,,22092,,19044,,18601.550000000003
"ХЛЕБ, ИЗДЕЛИЯ БУЛОЧНЫЕ (БАТОН) ИЗ  МУКИ ПШЕНИЧНОЙ ПЕРВОГО СОРТА",,,,13746.76614,,14099.44,,15321.099999999999,,14115.279999999999,,15852.340000000002,,13332,,11443,,13183
ИЗДЕЛИЯ БУЛОЧНЫЕ СДОБНЫЕ ИЗ МУКИ  ПШЕНИЧНОЙ ВЫСШЕГО СОРТА,,,,30088.097971999996,,38249.64,,23146.17,,33820.380000000005,,25170.36,,25453,,35089,,33153.5
"СУХАРИ, СУШКИ, БАРАНКИ",,,,41523.338276,,36395.44,,38706.59,,44186.76,,37906.42,,43908,,45135,,40048.85
РИС ШЛИФОВАННЫЙ И ПОЛИРОВАННЫЙ,,,,20446.505616,,19438.64,,20499.649999999998,,19473.1,,19617.28,,21307,,21161,,20520.2
КРУПА МАННАЯ,,,,11930.764404,,10344.720000000001,,11786.05,,13347.93,,10565.320000000002,,13162,,11173,,11561.9
КРУПА ПШЕННАЯ,,,,14507.697236,,13534.880000000001,,14088.469999999998,,15310.939999999999,,13389.66,,15866,,13694,,13993.55
КРУПА ГРЕЧНЕВАЯ,,,,22648.542384,,21474.4,,23679.129999999997,,22214.44,,20390.300000000003,,24606,,21538,,22419.300000000003
 ХЛОПЬЯ  ОВСЯНЫЕ,,,,15057.407568,,14213.28,,15666.029999999999,,13592.41,,14655.46,,16338,,14705,,14936
ХЛОПЬЯ КУКУРУЗНЫЕ ,,,,51933.853284000004,,50532.04,,47637.2,,49158.990000000005,,52665.22,,55657,,50265,,54269.3
КРУПА ПЕРЛОВАЯ,,,,9110.95344,,8318.52,,8331.47,,10145.74,,8363.32,,9598,,8675,,9801.4
КАШИ ДЛЯ ДЕТСКОГО И ДИЕТИЧЕСКОГО ПИТАНИЯ,,,,89625.552108,,82626.51999999999,,87754.66,,68729.29000000001,,76475.70000000001,,112036,,89721,,83621.95
"ГОРОХ, ФАСОЛЬ",,,,22234.406864,,23922.2,,22821.14,,18797.739999999998,,20984.9,,22819,,23917,,21352.35
МЮСЛИ И ПРОЧИЕ СУХИЕ ЗАВТРАКИ ИЗ РАЗЛИЧНЫХ КРУП,,,,75320.48246,,78446.56,,83848.11,,60167.16,,71079.92000000001,,87527,,60309,,76141.65
"МАКАРОНЫ, РОЖКИ",,,,14195.388012,,13473,,12690.51,,12211.95,,15438.42,,15048,,15654,,13777
"ВЕРМИШЕЛЬ, ЛАПША",,,,14608.531248,,14542.68,,15088.239999999998,,12154.22,,15688.100000000002,,15415,,14984,,13567.05
ВОДКА ,,,,128322.241164,,131645.92,,127163.73,,123831.47,,125022.08,,126147,,134221,,132035.45
НАСТОЙКИ ГОРЬКИЕ КРЕПКИЕ,,,,144499.216264,,146990.56,,141130.32,,144156.77,,149447.40000000002,,142708,,149179,,138354.1
КОНЬЯК,,,,321585.651652,,305040.39999999997,,366871.62999999995,,284565.66000000003,,313380.96,,351833,,298870,,301453.15
ВИНО ВИНОГРАДНОЕ КРЕПЛЕНОЕ,,,,96994.261864,,83546.6,,87539.66999999998,,86723.81,,84472.38,,129655,,84118,,85406.1
ВИНО ВИНОГРАДНОЕ СТОЛОВОЕ,,,,93260.46113999998,,83955.48,,100041.54,,58608.67999999999,,61287.76,,135830,,80885,,84046.1
ПИВО,,,,23517.162331999996,,21972.52,,22579.96,,22034.6,,25748.48,,24538,,23728,,23122
ВИНО ИГРИСТОЕ  (ШАМПАНСКОЕ),,,,74142.13997199999,,68986.64,,80939.87999999999,,71974.23999999999,,71406.20000000001,,77014,,75332,,69221.65
ВАФЛИ,,,,53221.167444,,49096.96,,54641.479999999996,,50478.03999999999,,54255.58,,55579,,54251,,51552.95
ПРЯНИКИ,,,,40278.72263599999,,34922.72,,37861.02,,40078.28,,35369.740000000005,,46311,,40026,,39913.149999999994
ПЕЧЕНЬЕ ,,,,40734.348124,,38771.72,,39520.46,,39202.99,,42500.66,,41742,,40687,,42142.15
ТОРТ,,,,89999.74815199999,,87264.84,,91325.93,,99532.09,,85250,,93921,,82466,,85185.85
ПИРОЖНЫЕ (за 1 шт. весом 100 г),,,,8989.353024,,8048.2,,7868.599999999999,,10275.82,,8083.620000000001,,10574,,8155,,7832.700000000001
ИРИС,,,,62520.269060000006,,55843.68,,61844.89,,58253.880000000005,,61104.36,,70928,,58619,,62516.399999999994
" КОНФЕТЫ ""КАРАМЕЛЬ""",,,,47000.870072000005,,44450.08,,44576.53,,43490.17,,46697.240000000005,,48063,,51648,,48377.6
КОНФЕТЫ ГЛАЗИРОВАННЫЕ ШОКОЛАДНОЙ ГЛАЗУРЬЮ,,,,103636.659104,,105670.44,,104186.98,,99896.42,,91982.04000000001,,106368,,110699,,100482.05
"КОНФЕТЫ ГЛАЗИРОВАННЫЕ КОНДИТЕРСКОЙ   ГЛАЗУРЬЮ (типа ""Лимонные"", ""Осенние"")",,,,65230.316935999996,,64807.28,,61365.09,,63590.46,,61527.740000000005,,69195,,64028,,67792.35
ШОКОЛАД,,,,163795.03084800002,,163721.76,,168299.33,,158787.63,,156294.78,,172173,,158767,,158821.95
ХАЛВА,,,,57923.242704,,55242,,57623.14,,55474.25,,53863.94,,60638,,64126,,53075.15
МАРМЕЛАД,,,,56280.634888,,55831.68,,52715.770000000004,,51249.29,,56411.78,,60259,,52644,,62384.25
ЗЕФИР,,,,71509.716036,,65602.51999999999,,68564.15,,65267.14,,71526.38,,79569,,67281,,75624.45000000001
КАКАО - ПОРОШОК (за 200 г),,,,25880.429484,,26138.92,,27300.229999999996,,28844.33,,27067.420000000002,,23914,,26056,,23610.199999999997
КАРТОФЕЛЬ,,,,4572.418428,,3740.2,,4715.78,,4450.79,,3784.1400000000003,,5613,,4283,,4156.4
ЧИПСЫ  КАРТОФЕЛЬНЫЕ (за 100 г),,,,13767.587947999999,,12553.079999999998,,15041.629999999997,,11758.4,,14533.420000000002,,15109,,13362,,12721.95
КАПУСТА  БЕЛОКОЧАННАЯ  СВЕЖАЯ,,,,5452.65108,,5311.68,,5341.45,,5195.92,,5085.72,,5989,,5436,,5117.4
ЛУК РЕПЧАТЫЙ,,,,7491.653367999999,,7375.08,,8115.82,,7198.01,,7093.56,,7755,,7279,,7348.4
СВЕКЛА,,,,5521.170792,,5375.52,,5403.7,,5790.76,,4701.22,,6018,,5428,,5205.25
МОРКОВЬ,,,,6373.577512,,5943.120000000001,,6390.28,,6044.63,,5986.700000000001,,7219,,6072,,5976.1
ПОМИДОРЫ СВЕЖИЕ,,,,41769.82447200001,,42183,,37723.46,,45743.95,,45207.020000000004,,42429,,41418,,35880.55
ОГУРЦЫ СВЕЖИЕ,,,,42679.362148,,40029.88,,42449.92,,43786.46,,41023.060000000005,,44822,,44780,,37927.55
ЧЕСНОК,,,,64402.578032000005,,60867,,62458.70999999999,,63285.47,,60492.100000000006,,66519,,63855,,71949.8
ПЕРЕЦ СЛАДКИЙ,,,,53038.120704,,49986.56,,54355.95,,53601.78,,49078.14,,56724,,52521,,49958.899999999994
ОВОЩИ ЗАМОРОЖЕННЫЕ,,,,38639.025656,,36988.16,,38773.83,,37006.27,,31999.120000000003,,43930,,38511,,36211.95
ОВОЩИ КОНСЕРВИРОВАННЫЕ,,,,31843.622848,,28977.28,,32787.28,,28535.479999999996,,31800.940000000002,,33457,,36915,,27126.9
СОУС ТОМАТНЫЙ,,,,32165.952488,,33803.48,,33487.28,,32892.5,,31013.920000000006,,31767,,32566,,29346.8
ЯБЛОКИ,,,,14309.390108,,14499.800000000001,,14615.939999999999,,15536.220000000001,,11215.26,,14740,,13756,,15095.55
"ПЛОДЫ ЦИТРУСОВЫЕ  (апельсины, лимоны, мандарины)",,,,29740.017716,,28388.519999999997,,34210.63,,29190.379999999997,,27513.04,,31088,,29595,,26044.85
ВИНОГРАД,,,,41036.387092,,45351.68,,41108.78,,40674.34,,48701.82000000001,,37621,,37710,,41617.149999999994
БАНАНЫ,,,,23228.7299,,23079.199999999997,,24384.23,,24027.82,,23272.38,,23688,,22598,,20709.15
СУХОФРУКТЫ,,,,96439.607556,,84691.04,,89083.04,,71079.15,,87624.38,,109003,,112839,,105706.84999999999
ОРЕХИ,,,,144960.176804,,142646.64,,247868.74,,108483.63999999998,,116309.62000000001,,131141,,144757,,143117.34999999998
ФРУКТЫ КОНСЕРВИРОВАННЫЕ,,,,47678.80782,,44564.68,,48406.03999999999,,45725.43,,46710.66,,51995,,47891,,42781.1
КОНСЕРВЫ  ФРУКТОВЫЕ  ДЛЯ  ДЕТСКОГО  И  ДИЕТИЧЕСКОГО  ПИТАНИЯ,,,,57621.879360000006,,54756.6,,48678.619999999995,,45678.74,,53157.560000000005,,73866,,53327,,56067.65
"СОК, НЕКТАР ФРУКТОВЫЙ,  ЯГОДНЫЙ",,,,16086.413416000001,,15364.04,,16011.279999999999,,15460.62,,14645.560000000001,,18177,,15396,,15006.099999999999
"СОК, НЕКТАР ОВОЩНОЙ, ПЛОДООВОЩНОЙ (л)",,,,16789.58238,,16244.079999999998,,15947.25,,15638.04,,17338.800000000003,,18461,,16555,,15372.55
НАПИТКИ БЕЗАЛКОГОЛЬНЫЕ ,,,,9131.573772,,8390.28,,7825.369999999999,,9158.4,,9957.66,,9858,,9529,,8184
ВОДА МИНЕРАЛЬНАЯ ,,,,6467.924431999999,,5479.88,,7273.83,,5404.73,,6016.18,,6013,,8366,,7050.599999999999
КВАС (л),,,,9287.967668,,9229,,9245.58,,9013.82,,9425.16,,9060,,9792,,9481.6
"ОБЕД В СТОЛОВОЙ (для 1 человека, из 4-х блюд)",,,,25113.378248000005,,23608.68,,26044.11,,20659.64,,20863.08,,33025,,21710,,20703.15
"ОБЕД В РЕСТОРАНЕ    (заказной, для 1 человека,                  из   4-х блюд) ",,,,86083.12597600001,,84907.79999999999,,81518.35,,131924.15,,71905.66,,72366,,63970,,115466.75
"КОФЕ  В   ОРГАНИЗАЦИЯХ   БЫСТРОГО  ОБСЛУЖИВАНИЯ  (за 0,2л)",,,,20593.177016,,14434.16,,11142.039999999999,,16722.91,,8116.780000000001,,37169,,15685,,21673.2
"СОК   В  ОРГАНИЗАЦИЯХ   БЫСТРОГО  ОБСЛУЖИВАНИЯ   (за 0,2л)",,,,8133.3814999999995,,5122.5199999999995,,5704.5,,6743.969999999999,,4191.54,,15726,,4862,,5758.25
"СИГАРЕТЫ  С  ФИЛЬТРОМ   ОТЕЧЕСТВЕННЫЕ                      (за 1 пачку, 20 штук)",,,,9343.184720000001,,8755.16,,8790.689999999999,,10160.45,,9015.380000000001,,10060,,9176,,8372.150000000001
"СИГАРЕТЫ  БЕЗ  ФИЛЬТРА   ОТЕЧЕСТВЕННЫЕ                       (за 1 пачку, 20 штук)",,,,5581.067828,,5534.5599999999995,,5834.59,,5708.04,,5360.02,,5502,,5740,,5388.25
"СИГАРЕТЫ   С   ФИЛЬТРОМ    ИМПОРТНЫЕ                                 (за 1 пачку, 20 штук)",,,,24923.178728,,22392,,23789.6,,25223.6,,24716.88,,27754,,22206,,25793
МАЙОНЕЗ,,,,38841.238296,,37427.36,,42002.08,,38655.41,,38745.98,,38679,,38955,,37526.8
УКСУС ,,,,12697.202084,,11850.08,,13616.5,,11444.52,,11759.460000000001,,13985,,12491,,12281.65
ГОРЧИЦА ПИЩЕВАЯ (за 100 г),,,,5067.319711999999,,4925.68,,4972.73,,4559.4,,5010.46,,5375,,5092,,5244.65
СОДА ПИЩЕВАЯ,,,,20789.649476000002,,20249.4,,21799.75,,21319.420000000002,,22589.440000000002,,19268,,21511,,20569.949999999997
"ПЕРЕЦ ЧЕРНЫЙ, КРАСНЫЙ, ДУШИСТЫЙ (молотый, горошек)  (50 г)",,,,31453.198564,,30248.88,,29445.379999999997,,35355.17,,29779.36,,33337,,28559,,31253.300000000003
ЖЕВАТЕЛЬНАЯ  РЕЗИНКА  (за упаковку 10 штук),,,,6123.889516,,5718.4,,6287.949999999999,,5721.67,,6171.84,,6454,,6112,,6072.1
НЕПРОДОВОЛЬСТВЕННЫЕ ТОВАРЫ,,,,,,,,,,,,,,,,,,
ТКАНЬ ХЛОПЧАТОБУМАЖНАЯ  ПЛАТЕЛЬНАЯ (за 1 м)  ,,,,25804.469584000002,,26324.559999999998,,22035.729999999996,,25398.53,,21602.04,,23960,,35507,,25227.05
ТКАНЬ  ШЕРСТЯНАЯ  И  ПОЛУШЕРСТЯНАЯ                 (ширина 150 см) - за 1 м,,,,151170.545664,,154149.88,,115913.98999999999,,149997.47,,135907.76,,163654,,137566,,193490.4
ТКАНЬ ЛЬНЯНАЯ (ширина 150 см) - за 1 м,,,,66203.4127,,59499.16,,55064.219999999994,,61591.67999999999,,62232.3,,79871,,62057,,68248.5
ТКАНЬ ШЕЛКОВАЯ (ширина 100 см) - за 1  м,,,,60422.339276,,44978.479999999996,,42006.09,,64669.64,,52792.060000000005,,79012,,55037,,63001.95
ПРЯЖА ШЕРСТЯНАЯ ИЛИ ПОЛУШЕРСТЯНАЯ (за 100 г),,,,44174.452876,,45039.799999999996,,47431.13,,48811.729999999996,,44240.18000000001,,40347,,45618,,41012.15
КУРТКА ЗИМНЯЯ МУЖСКАЯ  ,,,,1353268.1806559998,,1217697.16,,1452198.82,,1312491.94,,1381216.5,,1391308,,1368732,,1308611.5
ПАЛЬТО (ПОЛУПАЛЬТО) ДЕМИСЕЗОННОЕ МУЖСКОЕ,,,,1532760.373172,,1257609.6,,1687936.0499999998,,1412055.8900000001,,1587422.1800000002,,1675759,,1626641,,1285753.5
КУРТКА   ИЗ ПЛАЩЕВОЙ ТКАНИ МУЖСКАЯ  ,,,,769387.0163337409,,585404.64,,926936.87,,946993.59,,879198.0800000001,,,,624990,,673825.65
КОСТЮМ МУЖСКОЙ,,,,1466899.848264,,1492245.72,,1223596.7799999998,,1364263.78,,1310983.92,,1864009,,1224201,,1341520.7999999998
ДЖИНСЫ МУЖСКИЕ,,,,490162.921948,,486240.6,,394091.81999999995,,473175.67000000004,,456905.46,,557621,,474907,,511269.6
БРЮКИ МУЖСКИЕ     ,,,,435933.71932400006,,379106.24,,444360.57999999996,,409603.53,,399799.28,,522915,,395176,,403101.8
СОРОЧКА ВЕРХНЯЯ МУЖСКАЯ,,,,307852.665072,,289637.32,,265796.12,,268375.39,,296113.94,,375788,,264409,,330296.5
КОСТЮМ СПОРТИВНЫЙ МУЖСКОЙ ,,,,571822.627016,,489023.12,,468253.98,,565313.63,,611295.8400000001,,644312,,553807,,598623.4
ШАПКА МЕХОВАЯ МУЖСКАЯ,,,,1540877.6072039995,,1250529.28,,1619713.71,,1444776.22,,1194229.26,,2226530,,1148820,,1096005.15
"СВИТЕР, ДЖЕМПЕР  ИЗ  ШЕРСТЯНОЙ ИЛИ ПОЛУШЕРСТЯНОЙ ПРЯЖИ МУЖСКОЙ",,,,386644.393128,,385588.16000000003,,312348.73,,356874.12,,348985.54000000004,,488141,,349482,,344110.05
"СВИТЕР, ДЖЕМПЕР ИЗ СИНТЕТИЧЕСКОЙ ИЛИ СМЕСОВОЙ ПРЯЖИ МУЖСКОЙ",,,,250868.495888,,219672.24,,226781.63999999998,,253554.40999999997,,290300.34,,240296,,264112,,279835.55000000005
МАЙКА МУЖСКАЯ,,,,52823.317472,,49776.8,,45180.52,,43827.83,,58122.740000000005,,66664,,49729,,40212.65
ТРУСЫ МУЖСКИЕ,,,,50519.125548,,47220.64,,55921.1,,42315.75,,58574.5,,53462,,48566,,45717.1
"ФУФАЙКА, ТЕННИСКА ИЗ ХЛОПЧАТОБУМАЖНОГО ИЛИ СМЕСОВОГО ТРИКОТАЖНОГО ПОЛОТНА МУЖСКАЯ",,,,109957.047568,,121889.64000000001,,91906.89,,113823.91,,121940.84,,111534,,101481,,106524.9
НОСКИ ИЗ ХЛОПЧАТОБУМАЖНОЙ И СМЕСОВОЙ ПРЯЖИ МУЖСКИЕ ,,,,15733.383612,,15252.44,,14343.720000000001,,14696.240000000002,,15710.800000000001,,16858,,16404,,15431.3
НОСКИ ИЗ ПОЛУШЕРСТЯНОЙ ПРЯЖИ МУЖСКИЕ ,,,,22851.576852000002,,30274.840000000004,,23439.44,,21357.629999999997,,23247.160000000003,,20773,,22125,,20995.15
ДУБЛЕНКА МУЖСКАЯ,,,,5498318.62792,,7331052.800000001,,6694151.12,,4937697.94,,4272144.5600000005,,5187395,,5158388,,5194428.15
ШЛЯПА ИЛИ КЕПКА  МУЖСКАЯ,,,,221038.760704,,177258.92,,234567.53999999998,,220478.65999999997,,187579.24,,289222,,192628,,160380.55
ПИДЖАК  ИЗ ПОЛУШЕРСТЯНОЙ ТКАНИ МУЖСКОЙ ,,,,1045094.5363639998,,1072823.04,,862290.5799999998,,959624.73,,862957.8800000001,,1306147,,1030173,,874002.7
ПАЛЬТО ЗИМНЕЕ ЖЕНСКОЕ,,,,3075539.083272,,2579976.68,,3230759.3,,3106144.73,,3110770.38,,2987097,,2917967,,3886709.65
ДУБЛЕНКА ЖЕНСКАЯ,,,,7040637.764908,,8313734.760000001,,7503879.89,,5895436.59,,6119257.12,,7820877,,5756210,,7260285.6
ПАЛЬТО ДЕМИСЕЗОННОЕ ЖЕНСКОЕ,,,,1928586.7033120003,,1675510.56,,2034353.4599999997,,1919915.9500000002,,2008458.7000000002,,2119118,,1720315,,1853296.55
КУРТКА ЖЕНСКАЯ,,,,941298.422228,,878964.4,,892450.7,,820722.06,,1117342.12,,898010,,910702,,1201600.55
"КОСТЮМ  ИЗ ПОЛУШЕРСТЯНОЙ, СМЕСОВОЙ ИЛИ СИНТЕТИЧЕСКОЙ ТКАНИ ЖЕНСКИЙ ",,,,987204.2171959999,,862568.56,,744883.24,,869578.5999999999,,842794.3400000001,,1329001,,907043,,960278.75
КОСТЮМ ВЯЗАНЫЙ ЖЕНСКИЙ ,,,,552116.761392,,476829.83999999997,,544676.5700000001,,651076.61,,572425.68,,547818,,560585,,501106.25
ПИДЖАК ЖЕНСКИЙ,,,,607528.892216,,540454.64,,532038,,564275.63,,549323,,742187,,531847,,657300.1499999999
ЮБКА ЖЕНСКАЯ ,,,,384707.65829199995,,363372.72,,358576.87,,383649.98,,355226.5,,384731,,428975,,409712.19999999995
ДЖИНСЫ ЖЕНСКИЕ,,,,452441.25982399995,,382287.12,,402997.70999999996,,450794.36,,460267.24,,519735,,454470,,412738.4
БЛУЗКА ЖЕНСКАЯ,,,,386079.94602800003,,323058.36,,364954.19,,353957,,371746.96,,453365,,386450,,370767.1
ПЛАТЬЕ ИЗ ПОЛУШЕРСТЯНОЙ ТКАНИ ИЛИ ТРИКОТАЖНОГО ПОЛОТНА ЖЕНСКОЕ,,,,481848.25663200003,,487669.88,,474184.58999999997,,434748.49,,523393.62,,475593,,436223,,583395.2
ХАЛАТ ДОМАШНИЙ ЖЕНСКИЙ,,,,244311.21476,,210740.4,,193011.3,,252702.47999999998,,251772.82,,285531,,244757,,218720.2
"СВИТЕР, ДЖЕМПЕР ИЗ СИНТЕТИЧЕСКОЙ ИЛИ СМЕСОВОЙ ПРЯЖИ ЖЕНСКИЙ",,,,261298.46064,,237851.72,,230692.87999999998,,276978.45,,299817.66000000003,,218536,,293784,,327635.6
КОСТЮМ СПОРТИВНЫЙ ЖЕНСКИЙ,,,,481132.872364,,482600.16000000003,,420435.42,,529637.21,,511600.26,,440868,,540449,,471761.19999999995
БЮСТГАЛЬТЕР ,,,,128040.70226399999,,114322.68000000001,,114170.95999999999,,132992.67,,130755.36000000002,,128095,,150477,,118919.9
ТРУСЫ  ИЗ ХЛОПЧАТОБУМАЖНОГО ТРИКОТАЖНОГО ПОЛОТНА ЖЕНСКИЕ,,,,34128.910964,,30340.08,,28189.36,,41815.78,,43707.2,,29538,,37863,,31871.75
ШАПКА  МЕХОВАЯ ЖЕНСКАЯ,,,,2063284.0613000002,,2153594.48,,1892307.81,,2109767.73,,1367793.46,,2283677,,2081679,,2232058.7
ПЛАЩ ЖЕНСКИЙ,,,,1118206.0795923357,,1048511.96,,955574.6399999999,,1145126.3599999999,,1370216.94,,,,1183453,,993986.35
СОРОЧКА НОЧНАЯ ЖЕНСКАЯ,,,,124167.598248,,98844.8,,123777.15,,137055.46000000002,,127700.62000000001,,136538,,112689,,119809.3
"ПЛАТОК, ШАРФ ЖЕНСКИЙ",,,,180586.937236,,110928.72,,152188.93,,143478.11,,92408.36000000002,,332401,,120699,,135589.44999999998
ШЛЯПА ЖЕНСКАЯ,,,,354287.87736000004,,385018.68000000005,,311015.57999999996,,338136.73,0,334093.56000000006,,376685,,347736,,360648.3
ШАПКА (берет) ТРИКОТАЖНАЯ ЖЕНСКАЯ,,,,202373.95072799997,,196590.36,,176200.83999999997,,196686.78000000003,,162839.68,,237803,,228231,,160070
ШУБА (полушубок) ИЗ ИСКУССТВЕННОГО МЕХА ЖЕНСКАЯ,,,,1583706.958644,,1797644.12,,1220300,,1836113.87,,1119113.98,,1930929,,1303910,,1411471.3
КОМПЛЕКТ БЕЛЬЯ ЖЕНСКОГО,,,,164837.57192,,150423.91999999998,,118538.72,,167192.16999999998,,169981.64,,178814,,179685,,169869.40000000002
КОСТЮМ КУПАЛЬНЫЙ  ЖЕНСКИЙ,,,,328840.515264,,296378.88,,244978.51,,343926.42,,333969.46,,368184,,310961,,364715.19999999995
КОЛГОТКИ ЖЕНСКИЕ,,,,34742.222824000004,,34881.28,,33433.34,,39102.32,,27457.960000000003,,36156,,33036,,36944.9
БРЮКИ ЖЕНСКИЕ,,,,453377.77302799997,,403127.28,,423515.31,,432725.4,,441108.92000000004,,496950,,461786,,464946.1
КУРТКА  ЗИМНЯЯ И  ДЕМИСЕЗОННАЯ  ДЛЯ МАЛЬЧИКА ,,,,667949.719776,,553784.88,,736980.11,,642343.54,,625161.26,,732650,,663484,,646835.3
КУРТКА  ДЕМИСЕЗОННАЯ  ДЛЯ ДЕВОЧКИ,,,,616968.4381919999,,533678.76,,527320.06,,552486.31,,630350.74,,700033,,653367,,625646.6499999999
ПАЛЬТО  ЗИМНЕЕ И ДЕМИСЕЗОННОЕ ДЛЯ ДЕВОЧКИ    ,,,,783601.630032,,653855.52,,773881.98,,791932.29,,815906.9400000001,,877349,,748360,,717834.5
НОСКИ  ИЗ ХЛОПЧАТОБУМАЖНОЙ И СМЕСОВОЙ ПРЯЖИ ДЕТСКИЕ,,,,12043.830095999998,,11618.44,,9500.49,,10379.62,,12824.260000000002,,14456,,11628,,11216.95
БРЮКИ ДЕТСКИЕ,,,,257718.51772399998,,251945.40000000002,,240857.16999999998,,238883.32,,266930.62,,282813,,239268,,260997.85
КОСТЮМ ШКОЛЬНЫЙ ,,,,672304.752492,,622824,,678059.86,,607566.52,,662796.4,,756442,,681978,,589657.45
КОСТЮМ СПОРТИВНЫЙ ДЕТСКИЙ,,,,315037.26188,,266151.36,,300796.43999999994,,292213.58,,352609.7,,362783,,294526,,287785
"ДЖЕМПЕР,CВИТЕР  ИЗ ПОЛУШЕРСТЯНОЙ ПРЯЖИ ДЕТСКИЙ",,,,224844.98278000002,,195078.31999999998,,211323.05,,194689.78999999998,,254308.42000000004,,247436,,222694,,229926.55
СОРОЧКА ВЕРХНЯЯ   ИЗ ХЛОПЧАТОБУМАЖНОЙ ИЛИ СМЕСОВОЙ ТКАНИ ДЛЯ МАЛЬЧИКА,,,,169883.999628,,183412.08000000002,,162920.34999999998,,157799.03,,189920.74000000002,,166246,,171197,,163278.75
ЮБКА  ИЗ СМЕСОВЫХ ТКАНЕЙ ИЛИ ТРИКОТАЖНОГО ПОЛОТНА  ДЕТСКАЯ,,,,220105.66049999997,,209746.16,,210894.71999999997,,190322.38,,231127.1,,261470,,205257,,185247.59999999998
"ПЛАТЬЕ  ИЗ ХЛОПЧАТОБУМАЖНОЙ, СМЕСОВОЙ ТКАНИ ДЕТСКОЕ",,,,292585.51816800004,,229395.52,,229798.84999999998,,235369.04,,235812.1,,428453,,253470,,283448.44999999995
"КОСТЮМ, КОМПЛЕКТ (юбка, брюки, жакет) ДЛЯ ДЕВОЧКИ",,,,565998.807328,,649331.52,,453629.79000000004,,650349.0900000001,,589225.7000000001,,497570,,615770,,563046.8
ДЖИНСЫ ДЕТСКИЕ,,,,324733.48654,,318522.92000000004,,263456.81999999995,,292640.19999999995,,323839.56,,404188,,286895,,295441.5
БЕЛЬЕ  ДЛЯ  НОВОРОЖДЕННЫХ  И  ДЕТЕЙ  ЯСЕЛЬНОГО  ВОЗРАСТА,,,,58119.941384,,61687.16,,59001.18,,50523.020000000004,,52283.100000000006,,56446,,59144,,71717.7
КОМПЛЕКТ БЕЛЬЯ ДЕТСКОГО,,,,62568.6809,,59256.200000000004,,56636.99999999999,,61392.979999999996,,65086.12,,73291,,57890,,51398.850000000006
ФУФАЙКА ИЗ ХЛОПЧАТОБУМАЖНОЙ ПРЯЖИ ДЕТСКАЯ,,,,59855.64369600001,,54392.840000000004,,49557.99,,54553.07,,60120.76,,80136,,50314,,46498.3
"ПЕРЧАТКИ, ВАРЕЖКИ ТРИКОТАЖНЫЕ ДЕТСКИЕ",,,,57117.22262400001,,57694.64,,55531.28999999999,,45521.1,,45276.86,,68021,,61849,,50937.549999999996
ШАПОЧКА ТРИКОТАЖНАЯ ДЕТСКАЯ,,,,123498.457588,,111527.04000000001,,99525.23999999999,,124711.15,,107544,,163307,,89500,,127641.79999999999
КОЛГОТКИ ДЕТСКИЕ,,,,38464.90002,,40876.16,,36176.759999999995,,37231.79,,37980.94,,34853,,42485,,43789.75
ПИЖАМА ДЕТСКАЯ,,,,125136.82249199999,,110215.84,,120552.81999999999,,105828.13999999998,,134009.90000000002,,144563,,117232,,125842.34999999999
"ПОЛУБОТИНКИ, ТУФЛИ  КОЖАНЫЕ МУЖСКИЕ",,,,638912.2544559999,,629069.4,,553193.6699999999,,590373.85,,638969.46,,754767,,588669,,586650.7
САПОГИ НА МЕХУ  МУЖСКИЕ,,,,876329.025836,,952206.6799999999,,813059.24,,750650,,901073.4,,947724,,825721,,882859.1
ОБУВЬ  ДОМАШНЯЯ  МУЖСКАЯ ,,,,114673.270784,,97368.88,,99917.17,,104690.55,,116503.48000000001,,143072,,96875,,116490.45
ТУФЛИ КРОССОВЫЕ  МУЖСКИЕ,,,,518347.79992799996,,530174.72,,451506.29,,465526.30000000005,,450953.34,,624635,,481651,,500086.25
"БОСОНОЖКИ, САНДАЛЕТЫ ИЗ НАТУРАЛЬНОЙ ИЛИ ИСКУССТВЕНОЙ КОЖИ  МУЖСКИЕ",,,,426626.5746976491,,422314.32,,518629.79,,369682.79,,458777.12000000005,,,,427344,,364819.05
САПОГИ ЦЕЛЬНОРЕЗИНОВЫЕ ДЛЯ ВЗРОСЛЫХ,,,,159020.02627999996,,125028.96,,150708.69,,156243.03999999998,,158162.04,,181689,,161803,,152342
САПОГИ  ЗИМНИЕ  НА НИЗКОМ КАБЛУКЕ ЖЕНСКИЕ,,,,1342368.4384599999,,1335733.9200000002,,1414351.8399999999,,1290180.57,,1391812.04,,1339461,,1294014,,1360671.9
САПОГИ  ДЕМИСЕЗОННЫЕ  НА ВЫСОКОМ КАБЛУКЕ ЖЕНСКИЕ,,,,1169151.541276,,1194122.16,,1256132.08,,1263951.66,,1182132.1800000002,,1056030,,1103673,,1287668.4
"ТУФЛИ   КОЖАНЫЕ НА НИЗКОМ КАБЛУКЕ, НА СИНТЕТИЧЕСКОЙ ПОДОШВЕ ЖЕНСКИЕ",,,,542056.00236,,483397.31999999995,,555147.7,,549977.4,,576194.8600000001,,580725,,486428,,533068.3500000001
ТУФЛИ  МОДЕЛЬНЫЕ ЖЕНСКИЕ,,,,659101.161004,,664666.76,,618558.8099999999,,630449.47,,680119.5,,719611,,593945,,652161.35
ТУФЛИ   ЛЕТНИЕ КОЖАНЫЕ ЖЕНСКИЕ,,,,556551.7376600082,,524875.24,,575123.1499999999,,553415.5900000001,,562493.3200000001,,,,589914,,523477.5
ОБУВЬ  ДОМАШНЯЯ ЖЕНСКАЯ ,,,,108957.49336400001,,94247.48,,97937.94,,111761.67000000001,,123960.86,,122787,,97613,,100839.5
ТУФЛИ  ИЗ ИСКУССТВЕННОЙ КОЖИ ЖЕНСКИЕ ,,,,342234.878792,,313909.16000000003,,363798.77,,353270.76,,369809.44000000006,,316516,,381770,,317609.1
ПОЛУСАПОЖКИ ЗИМНИЕ И ДЕМИСЕЗОННЫЕ  ДЛЯ МАЛЬЧИКА,,,,563498.460076,,593760.12,,495489.37,,521008.79,,559688.0800000001,,598548,,551785,,590837.85
ПОЛУСАПОЖКИ  (САПОЖКИ) ЗИМНИЕ И ДЕМИСЕЗОННЫЕ  ДЛЯ ДЕВОЧКИ,,,,585456.074344,,489958.88,,603992.23,,574970.22,,591735.8600000001,,625429,,590102,,578507.15
"БОТИНКИ, ТУФЛИ КОЖАНЫЕ ДЕМИСЕЗОННЫЕ ДЛЯ МАЛЬЧИКА",,,,410500.758472,,371000.6,,438845.99,,389595.62,,468935.00000000006,,360049,,462509,,446721.25
ТУФЛИ ЛЕТНИЕ ДЕВИЧЬИ,,,,323176.130728,,321198,,271220.51,,314567.23,,343391.2,,344278,,334524,,304369.45
ТУФЛИ КРОССОВЫЕ  ДЕТСКИЕ,,,,302928.28577200003,,272761.32,,324036.29,,235433.09,,287686.14,,344726,,301207,,314593.7
"СТОЛ ПИСЬМЕННЫЙ, КОМПЬЮТЕРНЫЙ",,,,1303021.537984,,1210458.12,,1322933.29,,1658116.9,,1406411.9000000001,,1106859,,1310264,,1316270
ШКАФ ДЛЯ ОДЕЖДЫ  И  БЕЛЬЯ,,,,3978216.3151520006,,4068678.24,,4062986.9499999997,,3951530.83,,4084476.8600000003,,3579573,,4410201,,4095856.05
СТУЛ,,,,754149.9298479999,,871538.3200000001,,883923.24,,705162.71,,690264.18,,655181,,783612,,805042.2999999999
НАБОР МЕБЕЛИ ДЛЯ СПАЛЬНИ,,,,12302874.280264001,,12706993.76,,12576680.44,,10864607.79,,11161949.88,,14223309,,10094085,,12819186.55
НАБОР МЯГКОЙ МЕБЕЛИ,,,,12371511.705608,,11206007.2,,14432169.77,,11668623.22,,14133929.06,,12909446,,9356235,,13450395.5
НАБОР КОРПУСНОЙ МЕБЕЛИ ,,,,7674785.403468,,7559732.44,,8442194.09,,6857776.54,,7514194.86,,8416026,,7040760,,7170614.5
ДИВАН-КРОВАТЬ,,,,7219659.294872,,5724288.32,,7086933.159999999,,6158265.449999999,,7478842.18,,8407558,,7257378,,7199839.25
 ГАРНИТУР КУХОННЫЙ,,,,6784032.21732,,5408115.720000001,,9265272.93,,5905751.06,,6584550.100000001,,7077079,,6077880,,7237809.6
ГАРНИТУР ДЛЯ ПРИХОЖЕЙ,,,,3459119.8013879997,,3427504.72,,3813000.13,,3495238.67,,3609810.12,,3407970,,3290307,,3258322.2
<html>КОВЕР ИЗ  ШЕРСТЯНОЙ И СИНТЕТИЧЕСКОЙ ПРЯЖИ             (за 1 м<sup>2</sup>)</html>,,,,255621.315344,,216593.2,,210528.44999999998,,334901.07999999996,,205363.56,,243174,,307903,,261921.85
<html>КОВЕР ИЗ СИНТЕТИЧЕСКОЙ ПРЯЖИ (за 1 м<sup>2</sup>)  </html>,,,,260110.47238000002,,187074.08,,215616.55,,214766.43,,210767.16,,368629,,238055,,264542.55
<html>ДОРОЖКА КОВРОВАЯ (за 1 м<sup>2</sup>)</html>,,,,148930.810488,,136748.88,,145036.44999999998,,149452.39,,164066.88,,167462,,116279,,151045.75
КОМПЛЕКТ БЕЛЬЯ ПОСТЕЛЬНОГО ,,,,401903.20468799997,,375824,,422411.20999999996,,380008.77,,376677.26,,428788,,414432,,378063.1
"ОДЕЯЛО ШЕРСТЯНОЕ,  ПОЛУШЕРСТЯНОЕ",,,,458155.163204,,446695.88,,411021.38,,459501.75,,453725.68000000005,,442299,,523137,,476524.35000000003
ОДЕЯЛО ВАТНОЕ,,,,312737.884356,,329187.52,,298001.61,,320682.77,,325144.9,,293040,,330142,,311646.95
ПОКРЫВАЛО ,,,,375489.16776800004,,371377.92,,315250.37999999995,,342521.44999999995,,326869.74,,503516,,348646,,252650.15000000002
СКАТЕРТЬ,,,,145893.063864,,104080.56,,161006.46999999997,,161702.72999999998,,119706.94,,137153,,170322,,174293.65
ПОЛОТНО ГАРДИННОЕ ТЮЛЕВОЕ ИЗ СИНТЕТИЧЕСКИХ НИТЕЙ (ширина 300 см) - за 1 м,,,,96423.38899599998,,78150.76,,63203.17,,69651.04000000001,,98930.1,,149033,,82605,,73603.15
ПОЛОТЕНЦЕ МАХРОВОЕ БАННОЕ ,,,,174799.23979999998,,160254.56,,172180.33999999997,,174122.63,,168067.2,,183679,,177582,,176777.65
ТАРЕЛКА,,,,18754.860632,,16556.04,,16645.6,,19362.84,,18464.300000000003,,22856,,14777,,18570.8
"СЕРВИЗ ЧАЙНЫЙ, КОФЕЙНЫЙ",,,,311063.66428,,255740.32,,242902.39999999997,,348115.86,,246497.6,,369331,,282757,,368513.25
ВАЗА,,,,213630.843368,,240252.36000000002,,202111.66999999998,,261173.82,,184572.64,,188275,,276182,,137707.55
КАСТРЮЛЯ,,,,253038.79662,,199019.92,,263315.55,,269871.03,,271281.88,,263613,,233499,,267222.85
"НАБОР (вилка, ложка, нож) ПРИБОРОВ СТОЛОВЫХ ИЗ НЕРЖАВЕЮЩЕЙ СТАЛИ",,,,86025.538804,,67525.32,,70076.01,,68498.88,,73693.12,,98242,,128781,,69694.25
СКОВОРОДА С АНТИПРИГАРНЫМ ПОКРЫТИЕМ,,,,330840.57440399996,,266128.32,,339434.08999999997,,310303.21,,380228.64,,368731,,315590,,298985.35
ХОЛОДИЛЬНИК,,,,6189512.5647,,6655289.24,,4744869.539999999,,5984667.65,,6460450.5200000005,,6317299,,6438564,,6574367.05
ЛАМПА ЭЛЕКТРИЧЕСКАЯ,,,,11314.247644,,8753.96,,6918.719999999999,,11480.58,,16693.84,,11363,,11090,,13808.05
МАШИНА СТИРАЛЬНАЯ,,,,5237033.90136,,5845735.640000001,,4449635.21,,5334361.04,,5742374.58,,4624031,,6109398,,5053705.6
ПЫЛЕСОС НАПОЛЬНЫЙ ЭЛЕКТРИЧЕСКИЙ,,,,1593980.213108,,1601291.3599999999,,1456731.35,,1752823.67,,1465735.04,,1503327,,1815355,,1585748.25
УТЮГ  ЭЛЕКТРИЧЕСКИЙ,,,,530314.048756,,571764.2,,430789.80999999994,,563008.52,,535036.74,,544212,,545992,,487783.9
КОМБАЙН КУХОННЫЙ,,,,1563473.67248,,1619801.24,,1630499.2999999998,,1680483.27,,1792375.9000000001,,1518065,,1437577,,1319792.05
ЛЮСТРА ЭЛЕКТРИЧЕСКАЯ,,,,646564.719408,,527404,,544175.45,,642808.81,,471903.72000000003,,878569,,563060,,623199.8
ЧАЙНИК ЭЛЕКТРИЧЕСКИЙ,,,,365942.239748,,364034.64,,389255.17999999993,,342745.94,,392233.16000000003,,350300,,364097,,386892.25
СОКОВЫЖИМАЛКА ЭЛЕКТРИЧЕСКАЯ,,,,908107.062868,,733071.24,,825102.2,,989719.6200000001,,1181488.3800000001,,875507,,976752,,806677.2
ПЕЧЬ МИКРОВОЛНОВАЯ,,,,1679710.2675279998,,1617509.84,,1570899.92,,1568036.09,,1769530.96,,1721726,,1729420,,1751964.8
ПЛИТА  БЫТОВАЯ ЭЛЕКТРИЧЕСКАЯ,,,,4668023.0219479995,,4518236.24,,4921033.369999999,,4061042.2,,5084246.5,,4508723,,4406679,,5703452.4
РАДИАТОР БЫТОВОЙ ЭЛЕКТРИЧЕСКИЙ,,,,1059810.835956,,1022788.92,,1003266.97,,1029651.34,,1040046.4800000001,,1112661,,1068466,,1081995.7
ДРЕЛЬ ЭЛЕКТРИЧЕСКАЯ,,,,1037422.15612,,897794.88,,893690.11,,1010388.9099999999,,1335554.6800000002,,1053865,,988000,,1122891.8
РОЗЕТКА ЭЛЕКТРИЧЕСКАЯ,,,,25668.273196000002,,21206.44,,21141.54,,23309.15,,25886.980000000003,,30731,,29412,,20720.2
УДЛИНИТЕЛЬ,,,,98668.86204400001,,84825.92,,105696.97,,92409.35999999999,,121202.04000000001,,92701,,105392,,97502.15
ТЕЛЕВИЗОР ЦВЕТНОГО ИЗОБРАЖЕНИЯ,,,,6872427.348732,,6160952.24,,6656887.01,,6300433.97,,6589884.22,,7507114,,7649416,,6277854.949999999
МУЗЫКАЛЬНЫЙ ЦЕНТР,,,,2792453.283392,,3195746.08,,2335783.01,,2380474.13,,2589131.08,,2711768,,3724544,,2436315.55
DVD-ПЛЕЕР,,,,800753.057344,,700365.6799999999,,834742.79,,664445.71,,889340.2200000001,,815404,,759534,,991234.5
КОМПАКТ-ДИСК (без записи),,,,11070.927096,,9370.64,,12703.72,,8433.64,,11472.940000000002,,12585,,10867,,10679.3
ФЛЭШ-КАРТА,,,,167199.113292,,127815.28,,138663.94,,135672.13,,178282.78000000003,,216682,,157350,,164407.5
КИРПИЧ СТРОИТЕЛЬНЫЙ (за 1тыс. шт),,,,3463573.65312,,3319821.2800000003,,3980384.5199999996,,4811127.22,,2652671.52,,2743109,,3920715,,3343324.65
ОБОИ (за рулон 10 м),,,,85337.11301599999,,91523.68,,90041.72,,83597.84,,67655.95999999999,,92526,,66328,,102342.1
<html>ПИЛОМАТЕРИАЛЫ ХВОЙНЫЕ ОБРЕЗНЫЕ И НЕОБРЕЗНЫЕ (за 1 м<sup>3</sup> ) </html>,,,,2151753.450992,,1604557.88,,3034729.9499999997,,2378691.41,,2076298,,2063729,,1516174,,2737830.15
<html>ПЛИТКА КЕРАМИЧЕСКАЯ (за1  м<sup>2</sup>)</html>,,,,141262.436312,,122270.92,,113082.62999999999,,126623.98,,120521.5,,191930,,113255,,147972.34999999998
ЦЕМЕНТ (за 50 кг),,,,85351.68545599999,,77046.04000000001,,81606.67,,89220.59,,76402.54000000001,,86740,,99418,,80375.75
ШИФЕР (за 10 условных штук),,,,64889.241224,,64228,,63905.31,,64362.5,,62140.04000000001,,69437,,62836,,61663.5
<html>ЛИНОЛЕУМ (за 1 м<sup>2</sup>)</html>,,,,115330.199608,,83154.20000000001,,109540.16999999998,,129452.51000000001,,101913.02000000002,,132741,,107804,,123308.6
<html>СТЕКЛО ОКОННОЕ (за 1 м<sup>2</sup>)</html>,,,,102219.473712,,99139.84,,189516.03,,83960.79000000001,,67206.90000000001,,102004,,79289,,100047.5
СЧЕТЧИК УЧЕТА ПОТРЕБЛЕНИЯ ВОДЫ,,,,303453.115168,,337188.04,,224423.58000000002,,293040.22,,290277.28,,329488,,336176,,266083.15
"<html>ПАНЕЛИ ДЛЯ ОТДЕЛКИ ПОТОЛКА, СТЕН ИЗ ПВХ  (за 1 м<sup>2</sup>)</html>",,,,73320.452724,,79518.76,,70277.75,,83949.97,,64662.5,,71455,,75254,,66522.05
ОКОННЫЙ БЛОК ДВУХСТВОРЧАТЫЙ (размер 130х140см) СО СТЕКЛОПАКЕТОМ,,,,3004281.4845040003,,2891762.92,,3109138.3099999996,,2380771.71,,2985406.34,,3234411,,3533243,,2495043.4
ДВЕРНОЙ  БЛОК  С  ДВЕРЬЮ   (размер 210х70 см                  или 210х80 см),,,,1960419.9838959998,,1527229.44,,2276015.96,,1847296.8499999999,,1648784.6800000002,,2400984,,1981155,,1438330.1
<html>ЛАМИНАТ (за 1 м<sup>2</sup>)</html>,,,,165359.942584,,128952.36,,152091.91,,152659,,132626.82,,213400,,160378,,159905.75
СУМКА ИЗ ИСКУССТВЕННОЙ КОЖИ,,,,454309.35841199994,,398995.83999999997,,461187.26999999996,,431715.94,,443277.30000000005,,550306,,397282,,390046.75
СУМКА ИЗ НАТУРАЛЬНОЙ КОЖИ,,,,1365291.4611120003,,1096764,,1190185.18,,1333590.67,,1258993.1,,1764285,,1194544,,1268155.2
ПЕРЧАТКИ ИЗ НАТУРАЛЬНОЙ КОЖИ,,,,331766.491256,,315276.44,,335028.58999999997,,283405.93,,308104.80000000005,,395050,,282253,,344838.3
РЕМЕНЬ ПОЯСНОЙ ИЗ НАТУРАЛЬНОЙ ИЛИ ИСКУССТВЕННОЙ КОЖИ,,,,179232.48657599997,,148502.68,,172045.32,,176307.95,,185826.7,,229965,,135553,,154247.35
ГАЛСТУК  МУЖСКОЙ,,,,109153.19296799999,,79925.16,,99204.26999999999,,91965.57,,93763.54000000001,,156431,,90226,,100630.4
СОСУДОРАСШИРЯЮЩИЕ И СПАЗМОЛИТИЧЕСКИЕ ПРЕПАРАТЫ (за 10 таблеток),,,,5192.260735690328,,6391,,4635,,4754,,5417,,4520,,6826,,4784
"ПРЕПАРАТЫ, УЛУЧШАЮЩИЕ МОЗГОВОЕ КРОВООБРАЩЕНИЕ (за 10 таблеток)",,,,9123.289478748557,,8407,,11412,,9390,,10271,,9079,,7788,,7427
ДИУРЕТИЧЕСКИЕ ПРЕПАРАТЫ (за 10 таблеток),,,,13839.534392698082,,14395,,13793,,13762,,10946,,12640,,16094,,16612
ТРАНКВИЛИЗАТОРЫ (за 10 таблеток),,,,14965.929097707152,,11568,,9316,,8292,,10376,,28838,,9092,,11582
НЕНАРКОТИЧЕСКИЕ АНАЛЬГЕТИКИ (за 10 таблеток),,,,5860.147674162863,,8070,,4871,,4424,,5097,,6339,,7350,,4463
АНТИБИОТИКИ (за 10 таблеток),,,,13624.381948644635,,15911,,15155,,13741,,12851,,10875,,14078,,15779
ВИТАМИНЫ (за 10 таблеток),,,,10212.621377907295,,11207,,8648,,9290,,9980,,10920,,8922,,11784
АНТИСЕПТИЧЕСКИЕ СРЕДСТВА (за 10 мл),,,,5364.715895969649,,4426,,4959,,6081,,5592,,6117,,5622,,3779
ГОРЧИЧНИКИ (за 10 шт),,,,8946.593652059164,,8981,,9297,,8427,,9465,,9020,,9065,,8442
ВАТА (за 50 г),,,,10526.206796063121,,8978,,10860,,9805,,10080,,11920,,10390,,10201
ЛЕЙКОПЛАСТЫРЬ (за упаковку размером 3 см  х 5 м),,,,15860.785822290645,,16030,,14840,,15128,,17419,,16960,,15185,,14421
БИНТ (за упаковку размером 5 см х 10 м),,,,4699.596264,,3849.24,,5616.08,,4748.74,,5051.22,,4761,,5181,,3391.05
ОЧКИ И ОПРАВЫ,,,,176471.509812,,129744.12,,210683.27999999997,,148786.84,,198697.74,,163743,,195506,,212413.1
АВТОМОБИЛЬ ЛЕГКОВОЙ (тыс.руб.),,,,192030,,224239,,193899,,160165,,232524,,200058,,,,128011
ВЕЛОСИПЕД ,,,,2075207.2726679998,,2059235.56,,2387450.13,,2027890.86,,1869157.4,,2139609,,1912719,,2084043
МОТОЦИКЛ,,,,22002070.254404,,26375144.840000004,,22000909.93,,21174597.41,,13650000,,24961494,,23124227,,17299752.95
БЕНЗИН АВТОМОБИЛЬНЫЙ (за 1 л),,,,11429.593492,,11373.48,,11495.029999999999,,11415.52,,11392.54,,11493,,11344,,11440.95
ТОПЛИВО ДИЗЕЛЬНОЕ (л),,,,12325.495079999999,,12300,,12516.06,,12300,,12300,,12300,,12300,,12300
ГАЗОВОЕ МОТОРНОЕ ТОПЛИВО  (за 1 л),,,,6276.86136,,6242.24,,6173.78,,6209.45,,6387.120000000001,,6300,,6449,,6100
МОЮЩИЕ СРЕДСТВА ПО УХОДУ ЗА АВТОМОБИЛЯМИ (л),,,,71214.06113199999,,45387.479999999996,,97202.95999999999,,61714.04,,58600.520000000004,,73950,,95556,,56445.2
ЕЖЕДНЕВНАЯ ГАЗЕТА ,,,,3269.7884160000003,,3104.84,,3355.68,,2931.26,,4083.3200000000006,,3519,,2671,,3174.5
ЕЖЕНЕДЕЛЬНАЯ ГАЗЕТА  ,,,,4930.185036,,4286.92,,5189.29,,5327.67,,5099.6,,5496,,4280,,4200.55
ЕЖЕМЕСЯЧНЫЙ ЖУРНАЛ ,,,,15829.163628,,13922.84,,20909.219999999998,,16304.919999999998,,10886.380000000001,,17811,,14246,,14106.7
ЧАСЫ,,,,387527.93325199996,,441234.68000000005,,373333.27999999997,,476305.45999999996,,391976.30000000005,,310498,,443976,,334288.25
МЫЛО ХОЗЯЙСТВЕННОЕ (за 400 г),,,,12491.845156,,11464.32,,10427.22,,12178.67,,14449.6,,13566,,11144,,13646.849999999999
СИНТЕТИЧЕСКИЕ МОЮЩИЕ СРЕДСТВА    (за 500 г),,,,17076.090772,,18276.24,,14921.31,,17855.239999999998,,16409.6,,16174,,19414,,16722.4
СРЕДСТВА  ДЛЯ МЫТЬЯ ПОСУДЫ,,,,33702.512636,,31752.28,,34051.61,,34705.72,,33850.880000000005,,33154,,38158,,29185.45
КРЕМ ДЛЯ ОБУВИ  (за 75 г),,,,20691.717779999995,,18377.72,,19618.23,,22767.010000000002,,19717,,24491,,15387,,20964.7
КРАСКА ПОЛОВАЯ И ПРОЧАЯ (за 1 кг),,,,51658.552584,,40829.6,,50765.27,,49773,,52430.64,,57262,,55050,,48255.25
ЛАК ДЛЯ ПАРКЕТА И ПРОЧИЙ (за 1 кг),,,,84105.80224,,64030.72,,79951.9,,79127.98,,70255.78,,100515,,92741,,79900.6
ТОВАРЫ ХОЗЯЙСТВЕННЫЕ  ИЗ ПЛАСТМАССЫ И МЕТАЛЛА,,,,54793.6618,,34088.6,,60001.3,,64657.61,,49065.94,,47728,,68733,,65532.4
НАБОР МЕБЕЛИ ДЛЯ ВАННОЙ КОМНАТЫ,,,,3186208.43126,,3248653.6,,3070478.79,,3577184.66,,2824572.54,,3516223,,2661719,,3022615.9000000004
КАРНИЗЫ,,,,183142.63483599998,,217369.44,,154420.44,,163237.31,,160233.22,,185756,,207147,,183058.2
ЗАМКИ ВРЕЗНЫЕ И НАКЛАДНЫЕ,,,,171972.72180399997,,195400.48,,200060.93,,179051,,169640.98,,144081,,187371,,153693.8
ЮВЕЛИРНЫЕ ИЗДЕЛИЯ ИЗ ЗОЛОТА  (за 1г),,,,891760.14344,,876407.72,,864176.7399999999,,811447.6100000001,,811822.2000000001,,935348,,922386,,975598.15
ФОТОКАМЕРА  ЦИФРОВАЯ ,,,,2291646.234228,,1825818.68,,1925002.88,,1975803.4,,2407727.5200000005,,2470424,,2651785,,2594517.5
ИГРУШКИ,,,,135641.67722,,120094.56,,149097.62,,149972.55,,128624.08,,129249,,99819,,196465.59999999998
АППАРАТ  ТЕЛЕФОННЫЙ ,,,,412538.4193,,433099.31999999995,,350338.51,,379229.05,,450990.06000000006,,474104,,342705,,403766.3
КОЛЯСКА  ДЕТСКАЯ ,,,,3121764.7650079997,,2725614.7199999997,,2815543.67,,2995237.13,,3029689.66,,3486021,,3460012,,2794048.45
ЗОНТ,,,,299916.91397600004,,202429.64,,212193.76999999996,,239587.96999999997,,240967.66000000003,,482273,,255977,,254918.7
БРИТВА ЭЛЕКТРИЧЕСКАЯ,,,,681476.398096,,662555.6799999999,,666414.6699999999,,685571.1499999999,,704880.2000000001,,639025,,673488,,813443.1
ФЕН ЭЛЕКТРИЧЕСКИЙ,,,,420907.13574,,404424.6,,394061.42,,374184.95,,463472.9,,474162,,404582,,373952.25
ТЕЛЕФОН НЫЙ АППАРАТ СОТОВОЙ СВЯЗИ ,,,,1389526.933252,,1282924.56,,1339955.8,,1660993.52,,1594722.58,,1152592,,1286370,,1767359
ТЕТРАДЬ (в пересчете за 12 листов),,,,1403.3551839999998,,1288.36,,1207.63,,1271.73,,1858.7400000000002,,1517,,1264,,1367
РУЧКА ШАРИКОВАЯ,,,,4089.8716879999997,,4099.28,,3891.1899999999996,,3821.1499999999996,,4662.620000000001,,4250,,4035,,3715.3
ШАМПУНЬ  (за 250 мл),,,,22018.530844,,21024,,21127.739999999998,,22706.78,,19657.56,,24862,,20692,,20449.35
ЗУБНАЯ ПАСТА  (за 75 г),,,,12993.526244,,12147.12,,12026.039999999999,,13994.7,,12167.2,,13712,,11952,,14375.25
МЫЛО ТУАЛЕТНОЕ  (за 150 г),,,,12945.73024,,13610.92,,12118.619999999999,,13194.19,,11363.32,,14670,,11421,,12190.05
КРЕМ ДЛЯ ЛИЦА  (за 100 г),,,,79765.685716,,77973.52,,73240.31,,73007.08,,72215.94,,87661,,80439,,84994.29999999999
ДЕЗОДОРАНТ  (за 110 мл),,,,29484.087452,,28247,,29602.629999999997,,28738.39,,24787.28,,31567,,33953,,24971.5
ЛЕЗВИЯ ДЛЯ БРИТВЫ (за блок из 10 лезвий),,,,21177.060632,,16673.28,,21349.19,,23343.36,,17454.7,,21053,,20491,,28970.649999999998
ЩЕТКА ЗУБНАЯ ,,,,20402.833199999997,,13031.16,,13720.849999999999,,13592.5,,14313.080000000002,,36187,,17462,,16019.95
ТУАЛЕТНАЯ ВОДА (за 100 мл),,,,153403.524756,,186253.44,,133337.21,,148313.95,,120110.68000000002,,160223,,152290,,162206.85
"ГУБНАЯ ПОМАДА (за 4,3-4,8 г)",,,,30818.186312,,28573.36,,26872.16,,29658.97,,28913.58,,36216,,28292,,31385.15
"ЛАК ДЛЯ ВОЛОС (за 250 мл), БАЛЬЗАМ ДЛЯ ВОЛОС             (за 250 мл)",,,,26388.640584,,21431.68,,25962.48,,24280.190000000002,,27681.940000000002,,32310,,22207,,25110.85
МАШИНА ШВЕЙНАЯ,,,,3122748.6603360004,,2704850.84,,2907187.24,,2922184.96,,3103417.02,,3538424,,3033626,,3223445
МАШИНА ПОСУДОМОЕЧНАЯ,,,,7243816.523124,,6210449.12,,7995423.71,,7309052.109999999,,7359326.24,,7353246,,7192425,,7230585.4
ЦВЕТЫ (за 1 шт),,,,32158.571984,,29159.84,,27756.199999999997,,27908.73,,41610.380000000005,,31473,,34143,,35345.8
<html>ДРОВА (за 1 м<sup>3</sup>)</html>,,,,63633.54632,,74100,,66000,,69223.7,,70400,,40500,,76500,,74700
ТОРФ  (за 1 т),,,,193755.97,,226800,,210000,0,213000,0,212900,0,126700,0,216000,0,230000
КАРТРИДЖ ДЛЯ ОЧИСТКИ ВОДЫ,,,,78315.9718,,69089.76,,71359.22,,77735.05,,79485.98000000001,,85718,,78845,,77316.05
СПИЧКИ (за 1 коробок),,,,337.571164,,345.32,,354.93,,338.43,,354.82000000000005,,316,,318,,372.70000000000005
